	uid_lys	mut_pos	seq
0	P40259_lys_at_219	mut_at_212_T_to_M	MLRTGEVKWSVGEHP
1	P47872_lys_at_195	mut_at_197_A_to_T	RALSNFIKDTVLFSS
2	Q9UKA4_lys_at_1011	mut_at_1014_M_to_V	KDCVPECKVSVVHGS
3	Q8NFD5_lys_at_1095	mut_at_1097_I_to_V	FRLYVCVKEVGGLAQ
4	Q14145_lys_at_150	mut_at_149_E_to_K	ASISMGKKCVLHVMN
5	O75132_lys_at_1107	mut_at_1100_P_to_L	LLTYWNLKKASWPGL
6	P49815_lys_at_1794	mut_at_1795_R_to_C	GYEVGQRKCLISSVE
7	P49815_lys_at_1544	mut_at_1547_V_to_D	IPSYDTHKIADLYVG
8	P49815_lys_at_1491	mut_at_1494_G_to_D	ATASNAEKVPDINPS
9	P49815_lys_at_1384	mut_at_1386_S_to_I	QPSQPLSKSISSPEL
10	P49815_lys_at_1658	mut_at_1651_N_to_S	SDSGEDFKLGTIKGQ
11	Q8IWI9_lys_at_3020	mut_at_3023_S_to_L	CLAPIAAKVGLVGHK
12	Q8IWI9_lys_at_3027	mut_at_3023_S_to_L	KVGLVGHKMNLTGND
13	Q8IWI9_lys_at_2135	mut_at_2131_P_to_S	SEFSVTFKEESKFEL
14	P14210_lys_at_434	mut_at_439_Y_to_C	FWEPDASKLNENCCR
15	Q06432_lys_at_59	mut_at_52_G_to_D	DLWRICTKRIPMDDS
16	P08151_lys_at_302	mut_at_309_R_to_Q	HTGEKPHKCTFEGCQ
17	P08151_lys_at_310	mut_at_309_R_to_Q	CTFEGCQKSYSRLEN
18	P08151_lys_at_266	mut_at_265_R_to_W	EHIHGEWKEFVCHWG
19	P40692_lys_at_236	mut_at_233_C_to_R	IEIGREDKTLAFKMN
20	P40692_lys_at_392	mut_at_388_S_to_F	RTDFREQKLDAFLQP
21	P40692_lys_at_274	mut_at_277_E_to_V	VESTSLRKAIVTVYA
22	P40692_lys_at_392	mut_at_385_R_to_C	CTDSREQKLDAFLQP
23	P40692_lys_at_670	mut_at_668_E_to_K	EVNWDKEKECFESLS
24	P40692_lys_at_377	mut_at_384_V_to_D	STSGSSDKVYAHQMD
25	P40692_lys_at_377	mut_at_380_A_to_V	STSGSSDKVYVHQMV
26	P41182_lys_at_137	mut_at_140_R_to_H	AEMVSAIKPPHEEFL
27	P41182_lys_at_376	mut_at_380_F_to_L	DPKACNWKKYKLIVL
28	P41182_lys_at_377	mut_at_380_F_to_L	PKACNWKKYKLIVLN
29	P41182_lys_at_379	mut_at_380_F_to_L	ACNWKKYKLIVLNSL
30	P41182_lys_at_47	mut_at_51_M_to_V	REQFRAHKTVLVACS
31	P41182_lys_at_298	mut_at_291_A_to_V	VPYFPCDKASKEEER
32	P52701_lys_at_824	mut_at_826_H_to_R	DLERLLSKIRNVGSP
33	P52701_lys_at_833	mut_at_826_H_to_R	RNVGSPLKSQNHPDS
34	P52701_lys_at_1352	mut_at_1346_D_to_N	VNAEAVHKLLTLIKE
35	P52701_lys_at_266	mut_at_268_D_to_A	GGSDVEFKPATKEEG
36	P52701_lys_at_270	mut_at_268_D_to_A	VEFKPATKEEGSSDE
37	P52701_lys_at_1288	mut_at_1285_F_to_S	ETITSLYKFIKGACP
38	P52701_lys_at_1291	mut_at_1285_F_to_S	TSLYKFIKGACPKSY
39	P21580_lys_at_643	mut_at_647_T_to_P	HFAAASGKVSPPASR
40	O60229_lys_at_1102	mut_at_1095_R_to_Q	QGPEQQVKAILSELL
41	P36888_lys_at_623	mut_at_625_M_to_V	LGSGAFGKVVNATAY
42	P36888_lys_at_900	mut_at_894_V_to_I	PIDANFYKLIQNGFK
43	P08476_lys_at_259	mut_at_252_A_to_T	TSLVLLGKKKKKEEE
44	P48436_lys_at_122	mut_at_119_A_to_E	WAQAERRKLADQYPH
45	Q12933_lys_at_194	mut_at_193_G_to_D	LTCDGCDKKKIPREK
46	Q12933_lys_at_195	mut_at_193_G_to_D	TCDGCDKKKIPREKF
47	Q12933_lys_at_196	mut_at_193_G_to_D	CDGCDKKKIPREKFQ
48	Q99835_lys_at_564	mut_at_570_A_to_S	DDEPKRIKKSKMISK
49	Q99835_lys_at_565	mut_at_570_A_to_S	DEPKRIKKSKMISKA
50	Q99835_lys_at_567	mut_at_570_A_to_S	PKRIKKSKMISKAFS
51	Q99835_lys_at_571	mut_at_570_A_to_S	KKSKMISKAFSKRHE
52	Q99835_lys_at_575	mut_at_570_A_to_S	MISKAFSKRHELLQN
53	P55317_lys_at_288	mut_at_281_G_to_E	ESGGSGAKGGPESRK
54	P04049_lys_at_462	mut_at_458_Y_to_F	GMDFLHAKNIIHRDM
55	P10276_lys_at_164	mut_at_164_K_to_T	SVRNDRNTKKKEVPK
56	P10276_lys_at_165	mut_at_164_K_to_T	VRNDRNTKKKEVPKP
57	P10276_lys_at_166	mut_at_164_K_to_T	RNDRNTKKKEVPKPE
58	P10276_lys_at_167	mut_at_164_K_to_T	NDRNTKKKEVPKPEC
59	P10276_lys_at_171	mut_at_164_K_to_T	TKKKEVPKPECSESY
60	Q9GZQ4_lys_at_122	mut_at_127_E_to_G	GPVGCYFKTALFGTV
61	P40337_lys_at_159	mut_at_166_V_to_D	TLPVYTLKERCLQVD
62	P40337_lys_at_171	mut_at_166_V_to_D	QVDRSLVKPENYRRL
63	P40337_lys_at_196	mut_at_194_V_to_M	EDHPNMQKDLERLTQ
64	P40337_lys_at_196	mut_at_192_P_to_S	EDHSNVQKDLERLTQ
65	P40337_lys_at_171	mut_at_167_R_to_Q	QVVQSLVKPENYRRL
66	Q04721_lys_at_2027	mut_at_2032_H_to_N	EGSYEAAKILLDNFA
67	Q04721_lys_at_1767	mut_at_1760_D_to_N	NDEGPQPKKVKAEDE
68	Q04721_lys_at_487	mut_at_490_H_to_R	CLCMPGFKGVRCELE
69	Q04721_lys_at_1210	mut_at_1209_F_to_V	IDLVNHVKCSCPPGT
70	Q04721_lys_at_2027	mut_at_2031_D_to_Y	EGSYEAAKILLYHFA
71	P16234_lys_at_550	mut_at_553_P_to_L	IVLVVIWKQKLRYEI
72	P16234_lys_at_552	mut_at_553_P_to_L	LVVIWKQKLRYEIRW
73	P16234_lys_at_852	mut_at_847_S_to_L	HDLNYVSKGSTFLPV
74	P16234_lys_at_226	mut_at_230_T_to_M	EALKTVYKSGEMIVV
75	P25054_lys_at_1929	mut_at_1932_T_to_A	QPKPILQKQSAFPQS
76	P25054_lys_at_1938	mut_at_1932_T_to_A	SAFPQSSKDIPDRGA
77	P25054_lys_at_1350	mut_at_1355_S_to_F	SSESARHKAVEFFSG
78	P25054_lys_at_1359	mut_at_1355_S_to_F	VEFFSGAKSPSKSGA
79	P25054_lys_at_1310	mut_at_1317_E_to_Q	QIAEIKEKIGTRSAQ
80	P25054_lys_at_1370	mut_at_1374_E_to_K	KSGAQTPKSPPKHYV
81	P25054_lys_at_2214	mut_at_2213_M_to_I	SEISGQIKQPLQANM
82	P25054_lys_at_1308	mut_at_1306_E_to_K	TLQIAKIKEKIGTRS
83	P25054_lys_at_1310	mut_at_1306_E_to_K	QIAKIKEKIGTRSAE
84	P25054_lys_at_1586	mut_at_1582_A_to_P	IISPMPTKSSRKAKK
85	P25054_lys_at_2614	mut_at_2621_S_to_C	SAKGTWRKIKENEFC
86	P25054_lys_at_2616	mut_at_2621_S_to_C	KGTWRKIKENEFCPT
87	P25054_lys_at_1370	mut_at_1375_H_to_Y	KSGAQTPKSPPEYYV
88	P25054_lys_at_2689	mut_at_2690_A_to_T	VIDSVSEKTNPNIKD
89	P25054_lys_at_2695	mut_at_2690_A_to_T	EKTNPNIKDSKDNQA
90	P25054_lys_at_848	mut_at_845_R_to_C	LDSSCSEKDRSLERE
91	P25054_lys_at_1308	mut_at_1307_I_to_K	TLQIAEKKEKIGTRS
92	P25054_lys_at_1310	mut_at_1307_I_to_K	QIAEKKEKIGTRSAE
93	P25054_lys_at_1308	mut_at_1314_R_to_K	TLQIAEIKEKIGTKS
94	P25054_lys_at_1310	mut_at_1314_R_to_K	QIAEIKEKIGTKSAE
95	O15119_lys_at_175	mut_at_179_E_to_K	SRWMVAGKADPKMPK
96	O15119_lys_at_182	mut_at_179_E_to_K	KADPKMPKRMYIHPD
97	O15119_lys_at_709	mut_at_712_A_to_T	SSMSLSPKLCTEKEA
98	O15119_lys_at_714	mut_at_712_A_to_T	SPKLCTEKEAATSEL
99	O15119_lys_at_466	mut_at_464_P_to_L	REGTALAKVEEARAL
100	P36896_lys_at_337	mut_at_337_K_to_Q	GIAHRDLQSKNILVK
101	P36896_lys_at_339	mut_at_337_K_to_Q	AHRDLQSKNILVKKN
102	P36896_lys_at_344	mut_at_337_K_to_Q	QSKNILVKKNGMCAI
103	Q9BX63_lys_at_345	mut_at_351_P_to_L	EELVSLGKKLKACLY
104	Q9BX63_lys_at_346	mut_at_351_P_to_L	ELVSLGKKLKACLYY
105	Q9BX63_lys_at_348	mut_at_351_P_to_L	VSLGKKLKACLYYTA
106	Q9BX63_lys_at_982	mut_at_988_S_to_Y	EEAGKAEKIVISRYT
107	Q9BX63_lys_at_995	mut_at_988_S_to_Y	YTSPTFNKQTKRVSW
108	P21854_lys_at_305	mut_at_311_D_to_G	WTGLSSNKDWKLTGD
109	P21854_lys_at_308	mut_at_311_D_to_G	LSSNKDWKLTGDTQR
110	Q8NB66_lys_at_1878	mut_at_1885_A_to_T	NGNTTSNKNSAAMDT
111	Q8NB66_lys_at_492	mut_at_497_N_to_S	KSHSARSKNKTASSS
112	Q8NB66_lys_at_494	mut_at_497_N_to_S	HSARSKNKTASSSRI
113	Q8NB66_lys_at_504	mut_at_497_N_to_S	SSSRISNKSDYDKIS
114	P07996_lys_at_919	mut_at_925_G_to_D	LVPNPDQKDSDGDDR
115	P07996_lys_at_931	mut_at_925_G_to_D	DDRGDACKDDFDHDS
116	Q9UG01_lys_at_218	mut_at_211_V_to_M	MAAGCDRKIVAYGKE
117	O75874_lys_at_126	mut_at_132_R_to_H	RLVSGWVKPIIIGHH
118	O75874_lys_at_126	mut_at_132_R_to_C	RLVSGWVKPIIIGCH
119	P30279_lys_at_166	mut_at_165_R_to_H	FIEHILHKLPQQREK
120	P30279_lys_at_270	mut_at_266_R_to_C	QDQCDGSKSEDELDQ
121	Q86YC2_lys_at_268	mut_at_271_S_to_R	HLEHIPPKGSRELTT
122	P12830_lys_at_738	mut_at_732_R_to_Q	LQRRAVVKEPLLPPE
123	P58304_lys_at_312	mut_at_307_A_to_V	SIVVLRAKAQEHSTK
124	Q8NEB9_lys_at_512	mut_at_510_D_to_H	DTQQRHPKTHEMYLN
125	Q8NEB9_lys_at_269	mut_at_263_E_to_K	MKNLVESKHHKLARS
126	Q8NEB9_lys_at_706	mut_at_705_R_to_K	SIQNFFKKYAPSENG
127	Q6UB98_lys_at_1142	mut_at_1148_D_to_G	NKELTRSKSSEVTGA
128	Q6UB98_lys_at_1152	mut_at_1148_D_to_G	EVTGAYTKEKQPKDA
129	Q6UB98_lys_at_1154	mut_at_1148_D_to_G	TGAYTKEKQPKDAVS
130	O94972_lys_at_110	mut_at_115_H_to_R	SVFCWTCKKCICRQC
131	O94972_lys_at_111	mut_at_115_H_to_R	VFCWTCKKCICRQCA
132	O15169_lys_at_48	mut_at_50_V_to_I	SYSFCSGKGIGIKGE
133	O15169_lys_at_53	mut_at_50_V_to_I	SGKGIGIKGETSTAT
134	Q92793_lys_at_1082	mut_at_1083_K_to_R	TSPSQPRKRIFKPEE
135	Q92793_lys_at_1083	mut_at_1083_K_to_R	SPSQPRKRIFKPEEL
136	Q92793_lys_at_1086	mut_at_1083_K_to_R	QPRKRIFKPEELRQA
137	P45985_lys_at_118	mut_at_124_S_to_G	GAYGSVNKMVHKPGG
138	P45985_lys_at_122	mut_at_124_S_to_G	SVNKMVHKPGGQIMA
139	P45985_lys_at_131	mut_at_124_S_to_G	GGQIMAVKRIRSTVD
140	P45985_lys_at_86	mut_at_92_E_to_K	HSIESSGKLKISPKQ
141	P45985_lys_at_88	mut_at_92_E_to_K	IESSGKLKISPKQHW
142	P45985_lys_at_244	mut_at_251_S_to_N	LDRSGNIKLCDFGIN
143	P24864_lys_at_80	mut_at_85_R_to_W	SLIPTPDKEDDDWVY
144	Q9UL62_lys_at_420	mut_at_418_E_to_D	GFIWGDIKEMWDGGF
145	O00716_lys_at_212	mut_at_216_R_to_I	NKAAEVLKVQKIRIY
146	O00716_lys_at_215	mut_at_216_R_to_I	AEVLKVQKIRIYDIT
147	P36507_lys_at_187	mut_at_183_Y_to_S	GLASLREKHQIMHRD
148	P36507_lys_at_39	mut_at_46_L_to_F	ANLVDLQKKLEELEF
149	P36507_lys_at_40	mut_at_46_L_to_F	NLVDLQKKLEELEFD
150	P36507_lys_at_51	mut_at_46_L_to_F	LEFDEQQKKRLEAFL
151	P36507_lys_at_52	mut_at_46_L_to_F	EFDEQQKKRLEAFLT
152	P27361_lys_at_65	mut_at_64_R_to_C	SAYDHVCKTRVAIKK
153	P27361_lys_at_71	mut_at_64_R_to_C	CKTRVAIKKISPFEH
154	Q09472_lys_at_1810	mut_at_1814_R_to_Q	VPFCLNIKQKLQQQQ
155	Q09472_lys_at_1812	mut_at_1814_R_to_Q	FCLNIKQKLQQQQLQ
156	Q09472_lys_at_601	mut_at_598_A_to_T	TPDPTALKDRRMENL
157	Q09472_lys_at_14	mut_at_13_A_to_T	EPGPPSTKRPKLSSP
158	Q09472_lys_at_17	mut_at_13_A_to_T	PPSTKRPKLSSPALS
159	O75530_lys_at_22	mut_at_29_S_to_N	MPAAKKQKLSSDENN
160	O75530_lys_at_268	mut_at_274_I_to_T	KLWRINSKRMMNATK
161	O75530_lys_at_275	mut_at_274_I_to_T	KRMMNATKESYDYNP
162	O75530_lys_at_197	mut_at_194_N_to_S	GNAISELKFHPRDPN
163	O75530_lys_at_197	mut_at_203_P_to_L	GNAINELKFHPRDLN
164	O60885_lys_at_724	mut_at_718_E_to_G	SGTEMAPKSKKKGHP
165	P06401_lys_at_238	mut_at_242_R_to_Q	ESAGPLLKGKPQALG
166	P06401_lys_at_240	mut_at_242_R_to_Q	AGPLLKGKPQALGGA
167	Q9UPQ7_lys_at_806	mut_at_812_T_to_M	EAYGPASKNLLSIME
168	P35968_lys_at_353	mut_at_347_R_to_C	ECVRIPAKYLGYPPP
169	P35968_lys_at_790	mut_at_797_L_to_M	VIILRTVKRANGGEM
170	P35968_lys_at_798	mut_at_797_L_to_M	RANGGEMKTGYLSIV
171	P35968_lys_at_1173	mut_at_1174_D_to_E	ANAQQDGKEYIVLPI
172	P42336_lys_at_1054	mut_at_1049_G_to_R	HHRGWTTKMDWIFHT
173	P42336_lys_at_1041	mut_at_1047_H_to_L	EALEYFMKQMNDALH
174	P42336_lys_at_1054	mut_at_1047_H_to_L	LHGGWTTKMDWIFHT
175	P42336_lys_at_548	mut_at_545_E_to_K	SEITKQEKDFLWSHR
176	P42336_lys_at_353	mut_at_350_D_to_N	VNIRNIDKIYVRTGI
177	P42336_lys_at_1041	mut_at_1047_H_to_Y	EALEYFMKQMNDAYH
178	P42336_lys_at_1054	mut_at_1047_H_to_Y	YHGGWTTKMDWIFHT
179	P42336_lys_at_986	mut_at_993_Q_to_R	RFQEMCYKAYLAIRR
180	P42336_lys_at_111	mut_at_118_G_to_D	PVGNREEKILNREID
181	P42336_lys_at_548	mut_at_555_R_to_K	SEITEQEKDFLWSHK
182	P42336_lys_at_1041	mut_at_1047_H_to_R	EALEYFMKQMNDARH
183	P42336_lys_at_1054	mut_at_1047_H_to_R	RHGGWTTKMDWIFHT
184	P42336_lys_at_720	mut_at_726_E_to_K	INLTDILKQEKKDKT
185	P42336_lys_at_723	mut_at_726_E_to_K	TDILKQEKKDKTQKV
186	P42336_lys_at_724	mut_at_726_E_to_K	DILKQEKKDKTQKVQ
187	P42336_lys_at_729	mut_at_726_E_to_K	EKKDKTQKVQMKFLV
188	P42336_lys_at_733	mut_at_726_E_to_K	KTQKVQMKFLVEQMR
189	P42336_lys_at_1024	mut_at_1023_R_to_Q	DDIAYIQKTLALDKT
190	P42336_lys_at_1030	mut_at_1023_R_to_Q	QKTLALDKTEQEALE
191	P42336_lys_at_548	mut_at_542_E_to_K	SKITEQEKDFLWSHR
192	P42336_lys_at_548	mut_at_545_E_to_A	SEITAQEKDFLWSHR
193	P42336_lys_at_1024	mut_at_1030_K_to_E	DDIAYIRKTLALDET
194	P42336_lys_at_1030	mut_at_1030_K_to_E	RKTLALDETEQEALE
195	P42336_lys_at_100	mut_at_104_P_to_R	RLFQPFLKVIERVGN
196	P42336_lys_at_111	mut_at_104_P_to_R	RVGNREEKILNREIG
197	P42336_lys_at_1054	mut_at_1050_G_to_S	HHGSWTTKMDWIFHT
198	P42336_lys_at_249	mut_at_250_Y_to_F	CVLEYQGKFILKVCG
199	P42336_lys_at_253	mut_at_250_Y_to_F	YQGKFILKVCGCDEY
200	P42336_lys_at_337	mut_at_342_T_to_I	INSALRIKILCAIYV
201	P42336_lys_at_325	mut_at_324_T_to_I	MNGETSIKSLWVINS
202	P42336_lys_at_532	mut_at_539_P_to_R	ENDKEQLKAISTRDR
203	P42336_lys_at_548	mut_at_552_W_to_G	SEITEQEKDFLGSHR
204	P42336_lys_at_942	mut_at_949_R_to_Q	GHFLDHKKKKFGYKQ
205	P42336_lys_at_943	mut_at_949_R_to_Q	HFLDHKKKKFGYKQE
206	P42336_lys_at_944	mut_at_949_R_to_Q	FLDHKKKKFGYKQER
207	P42336_lys_at_948	mut_at_949_R_to_Q	KKKKFGYKQERVPFV
208	P22681_lys_at_278	mut_at_277_V_to_A	FLTYDEAKARLQKFI
209	P22681_lys_at_283	mut_at_277_V_to_A	EAKARLQKFIHKPGS
210	P22681_lys_at_203	mut_at_208_A_to_S	EKTIVPWKSFRQSLH
211	P22681_lys_at_225	mut_at_225_K_to_N	GLEAMALNSTIDLTC
212	Q6ZU35_lys_at_893	mut_at_889_A_to_D	AGSDRGEKEMEGVAL
213	Q9Y6K1_lys_at_577	mut_at_577_K_to_N	GAAQAAINEDPWNCY
214	Q9Y6K1_lys_at_630	mut_at_635_R_to_Q	YPPVPAEKRKPIQVL
215	Q9Y6K1_lys_at_632	mut_at_635_R_to_Q	PVPAEKRKPIQVLSL
216	O43283_lys_at_516	mut_at_521_R_to_H	KKYPGTYKRHPVHPI
217	Q9HAV4_lys_at_810	mut_at_815_G_to_E	LDMLDAEKSAILELP
218	O60934_lys_at_665	mut_at_667_S_to_C	EFRSLVIKNCTSRNP
219	Q9P2S2_lys_at_692	mut_at_690_T_to_M	FCSREMLKQCASAPC
220	Q15349_lys_at_480	mut_at_485_V_to_I	KDVYDDGKFVYLIME
221	Q9UHL9_lys_at_829	mut_at_822_R_to_W	WPVLVPYKLIRDSPD
222	P21860_lys_at_843	mut_at_846_S_to_I	AARNVLLKSPIQVQV
223	P06400_lys_at_740	mut_at_746_E_to_K	HAVQETFKRVLIKKE
224	P06400_lys_at_745	mut_at_746_E_to_K	TFKRVLIKKEEYDSI
225	P06400_lys_at_847	mut_at_852_V_to_L	GTSEKFQKINQMLCN
226	P06400_lys_at_475	mut_at_474_S_to_N	LSIQNFNKLLNDNIF
227	P06400_lys_at_154	mut_at_161_L_to_F	AMSRLLKKYDVLFAF
228	P06400_lys_at_164	mut_at_161_L_to_F	VLFAFFSKLERTCEL
229	P06400_lys_at_614	mut_at_620_T_to_M	LSPVRSPKKKGSTMR
230	P06400_lys_at_615	mut_at_620_T_to_M	SPVRSPKKKGSTMRV
231	P06400_lys_at_616	mut_at_620_T_to_M	PVRSPKKKGSTMRVN
232	P06400_lys_at_740	mut_at_742_V_to_I	HAVQETFKRILIKEE
233	P06400_lys_at_745	mut_at_742_V_to_I	TFKRILIKEEEYDSI
234	Q8WYQ9_lys_at_86	mut_at_80_T_to_M	SMEESLPKRPLGKHS
235	O75376_lys_at_194	mut_at_196_E_to_G	RVDREIAKVGQQILK
236	O75376_lys_at_201	mut_at_196_E_to_G	KVGQQILKLKKKQQQ
237	O75376_lys_at_203	mut_at_196_E_to_G	GQQILKLKKKQQQLE
238	O75376_lys_at_1366	mut_at_1359_I_to_M	MLTQESRKTPEVVQS
239	O75376_lys_at_1313	mut_at_1311_G_to_D	ESFEDDLKYPKQIKR
240	O75376_lys_at_1316	mut_at_1311_G_to_D	EDDLKYPKQIKRESP
241	Q8N4N8_lys_at_114	mut_at_112_A_to_T	RDQRTTTKWVAMIPQ
242	Q9C0F0_lys_at_203	mut_at_210_S_to_L	SPSGSESKNGEADSL
243	Q9C0F0_lys_at_212	mut_at_210_S_to_L	GEADSLDKEMKHGQK
244	Q9C0F0_lys_at_215	mut_at_210_S_to_L	DSLDKEMKHGQKSPT
245	P04637_lys_at_291	mut_at_287_E_to_K	TEEKNLRKKGEPHHE
246	P04637_lys_at_292	mut_at_287_E_to_K	EEKNLRKKGEPHHEL
247	P04637_lys_at_164	mut_at_158_R_to_H	VHAMAIYKQSQHMTE
248	P04637_lys_at_351	mut_at_344_L_to_P	PNEALELKDAQAGKE
249	P04637_lys_at_164	mut_at_159_A_to_T	VRTMAIYKQSQHMTE
250	P04637_lys_at_291	mut_at_296_H_to_Y	TEEENLRKKGEPYHE
251	P04637_lys_at_292	mut_at_296_H_to_Y	EEENLRKKGEPYHEL
252	P04637_lys_at_120	mut_at_126_Y_to_N	FLHSGTAKSVTCTNS
253	P04637_lys_at_132	mut_at_126_Y_to_N	TNSPALNKMFCQLAK
254	P04637_lys_at_164	mut_at_170_T_to_A	VRAMAIYKQSQHMAE
255	P04637_lys_at_132	mut_at_138_A_to_T	TYSPALNKMFCQLTK
256	P04637_lys_at_139	mut_at_138_A_to_T	KMFCQLTKTCPVQLW
257	P04637_lys_at_164	mut_at_170_T_to_R	VRAMAIYKQSQHMRE
258	P04637_lys_at_164	mut_at_157_V_to_G	GRAMAIYKQSQHMTE
259	P04637_lys_at_101	mut_at_105_G_to_C	SSSVPSQKTYQCSYG
260	P04637_lys_at_291	mut_at_298_E_to_K	TEEENLRKKGEPHHK
261	P04637_lys_at_292	mut_at_298_E_to_K	EEENLRKKGEPHHKL
262	P04637_lys_at_305	mut_at_298_E_to_K	KLPPGSTKRALPNNT
263	P04637_lys_at_164	mut_at_166_S_to_A	VRAMAIYKQAQHMTE
264	P04637_lys_at_305	mut_at_312_T_to_I	ELPPGSTKRALPNNI
265	P04637_lys_at_319	mut_at_312_T_to_I	ISSSPQPKKKPLDGE
266	P04637_lys_at_291	mut_at_293_G_to_E	TEEENLRKKEEPHHE
267	P04637_lys_at_292	mut_at_293_G_to_E	EEENLRKKEEPHHEL
268	P04637_lys_at_139	mut_at_141_C_to_G	KMFCQLAKTGPVQLW
269	P04637_lys_at_370	mut_at_366_S_to_A	RAHASHLKSKKGQST
270	P04637_lys_at_372	mut_at_366_S_to_A	HASHLKSKKGQSTSR
271	P04637_lys_at_373	mut_at_366_S_to_A	ASHLKSKKGQSTSRH
272	P04637_lys_at_132	mut_at_135_C_to_F	TYSPALNKMFFQLAK
273	P04637_lys_at_139	mut_at_135_C_to_F	KMFFQLAKTCPVQLW
274	P04637_lys_at_291	mut_at_291_K_to_R	TEEENLRRKGEPHHE
275	P04637_lys_at_292	mut_at_291_K_to_R	EEENLRRKGEPHHEL
276	P04637_lys_at_164	mut_at_162_I_to_S	VRAMASYKQSQHMTE
277	P04637_lys_at_291	mut_at_290_R_to_H	TEEENLHKKGEPHHE
278	P04637_lys_at_292	mut_at_290_R_to_H	EEENLHKKGEPHHEL
279	P04626_lys_at_854	mut_at_849_R_to_W	AAWNVLVKSPNHVKI
280	P04626_lys_at_676	mut_at_678_R_to_Q	VVFGILIKRQQQKIR
281	P04626_lys_at_681	mut_at_678_R_to_Q	LIKRQQQKIRKYTMR
282	P04626_lys_at_684	mut_at_678_R_to_Q	RQQQKIRKYTMRRLL
283	P04626_lys_at_1171	mut_at_1170_P_to_A	GATLERAKTLSPGKN
284	P04626_lys_at_1177	mut_at_1170_P_to_A	AKTLSPGKNGVVKDV
285	P04626_lys_at_762	mut_at_769_D_to_Y	LRENTSPKANKEILY
286	P04626_lys_at_765	mut_at_769_D_to_Y	NTSPKANKEILYEAY
287	P04626_lys_at_883	mut_at_878_H_to_Y	EYYADGGKVPIKWMA
288	Q9HAU8_lys_at_647	mut_at_644_G_to_V	DLCTVALKSFALEVF
289	P25106_lys_at_40	mut_at_46_T_to_M	MCPNMPNKSVLLYML
290	P54756_lys_at_889	mut_at_890_A_to_V	MTNQDVIKVVEEGYR
291	Q9NYY3_lys_at_607	mut_at_609_D_to_G	LYLLQWLKSGKALMM
292	Q9NYY3_lys_at_610	mut_at_609_D_to_G	LQWLKSGKALMMLFN
293	Q9NYY3_lys_at_494	mut_at_497_L_to_V	PEADCIPKEQVSTSF
294	P20936_lys_at_588	mut_at_593_V_to_G	SSPGTSNKRLRQGSS
295	P00533_lys_at_728	mut_at_730_L_to_F	GAFGTVYKGFWIPEG
296	P00533_lys_at_737	mut_at_730_L_to_F	FWIPEGEKVKIPVAI
297	P00533_lys_at_728	mut_at_734_E_to_G	GAFGTVYKGLWIPGG
298	P00533_lys_at_737	mut_at_734_E_to_G	LWIPGGEKVKIPVAI
299	P00533_lys_at_739	mut_at_734_E_to_G	IPGGEKVKIPVAIKE
300	P00533_lys_at_823	mut_at_818_C_to_Y	NWYVQIAKGMNYLED
301	P00533_lys_at_728	mut_at_733_P_to_S	GAFGTVYKGLWISEG
302	P00533_lys_at_737	mut_at_733_P_to_S	LWISEGEKVKIPVAI
303	P00533_lys_at_739	mut_at_733_P_to_S	ISEGEKVKIPVAIKE
304	P00533_lys_at_642	mut_at_647_A_to_T	GCPTNGPKIPSITTG
305	P00533_lys_at_867	mut_at_871_A_to_T	KLLGAEEKEYHTEGG
306	P00533_lys_at_875	mut_at_871_A_to_T	EYHTEGGKVPIKWMA
307	P00533_lys_at_860	mut_at_861_L_to_Q	ITDFGLAKQLGAEEK
308	P00533_lys_at_867	mut_at_861_L_to_Q	KQLGAEEKEYHAEGG
309	P00533_lys_at_1179	mut_at_1181_A_to_P	YQQDFFPKEPKPNGI
310	P00533_lys_at_1182	mut_at_1181_A_to_P	DFFPKEPKPNGIFKG
311	P00533_lys_at_1188	mut_at_1181_A_to_P	PKPNGIFKGSTAENA
312	Q6N022_lys_at_2254	mut_at_2251_V_to_M	RLGDMQYKMDEDGFL
313	Q6N022_lys_at_2143	mut_at_2144_H_to_N	TAVMTHTKNFDAYGR
314	Q13315_lys_at_792	mut_at_799_A_to_T	RCLSNCTKKSPNKIT
315	Q13315_lys_at_793	mut_at_799_A_to_T	CLSNCTKKSPNKITS
316	Q13315_lys_at_797	mut_at_799_A_to_T	CTKKSPNKITSGFFL
317	Q13315_lys_at_2848	mut_at_2853_T_to_M	DPAIWFEKRLAYMRS
318	Q13315_lys_at_196	mut_at_189_R_to_K	KIIHAVTKGCCSQTD
319	Q13315_lys_at_1030	mut_at_1025_F_to_S	GASWHLTKERKYIFS
320	Q13315_lys_at_3004	mut_at_3008_R_to_H	DIDQSFNKVAEHVLM
321	Q13315_lys_at_1646	mut_at_1650_N_to_S	PQDGIMVKLVVSLLQ
322	Q13315_lys_at_1656	mut_at_1650_N_to_S	VSLLQLSKMAINHTG
323	Q13315_lys_at_573	mut_at_568_R_to_I	VNISFSLKESIMKWL
324	Q13315_lys_at_331	mut_at_337_R_to_C	SHIGSRGKYSSGFCN
325	Q13315_lys_at_342	mut_at_337_R_to_C	GFCNIAVKENLIELM
326	Q13315_lys_at_2687	mut_at_2691_R_to_C	LVTIQSFKAEFCLAG
327	Q13315_lys_at_2992	mut_at_2997_D_to_N	NADDQECKRNLSNID
328	Q13315_lys_at_3004	mut_at_2997_D_to_N	NIDQSFNKVAERVLM
329	Q13315_lys_at_331	mut_at_337_R_to_H	SHIGSRGKYSSGFHN
330	Q13315_lys_at_342	mut_at_337_R_to_H	GFHNIAVKENLIELM
331	Q13315_lys_at_1289	mut_at_1295_L_to_F	LLTDCFPKILVNIFP
332	Q13315_lys_at_1625	mut_at_1627_Q_to_H	RRQLELHKDHMVDIM
333	Q13315_lys_at_827	mut_at_832_R_to_C	KSLASFIKKPFDCGE
334	Q13315_lys_at_828	mut_at_832_R_to_C	SLASFIKKPFDCGEV
335	Q13315_lys_at_971	mut_at_978_S_to_P	EDVLELLKPLSNVCP
336	Q13315_lys_at_2898	mut_at_2895_E_to_Q	GVAFQQGKILPTPET
337	Q13315_lys_at_2670	mut_at_2666_T_to_A	VVPAMEIKVDHTGEY
338	Q13315_lys_at_2933	mut_at_2935_M_to_I	VFRRCCEKTIEVMRN
339	Q13315_lys_at_2456	mut_at_2459_R_to_C	ELALRALKEDCKRFL
340	Q13315_lys_at_2460	mut_at_2459_R_to_C	RALKEDCKRFLCKAV
341	Q13315_lys_at_2465	mut_at_2459_R_to_C	DCKRFLCKAVENYIN
342	Q13315_lys_at_556	mut_at_554_T_to_K	SIVPGKVKMGIEQNM
343	Q14865_lys_at_561	mut_at_567_P_to_T	ALVPGASKQPLTSTS
344	Q14865_lys_at_574	mut_at_567_P_to_T	TSALVDSKQESKLCC
345	Q14865_lys_at_643	mut_at_637_D_to_N	DNIHNALKQTPKVLV
346	P04198_lys_at_284	mut_at_282_V_to_M	IDVVTMEKRRSSSNT
347	P04198_lys_at_51	mut_at_44_P_to_L	LPGEDIWKKFELLPT
348	P17948_lys_at_1304	mut_at_1305_R_to_H	CGHVSEGKHRFTYDH
349	P17948_lys_at_864	mut_at_870_S_to_R	TVAVKMLKEGATARE
350	P17948_lys_at_873	mut_at_870_S_to_R	GATAREYKALMTELK
351	P17948_lys_at_241	mut_at_238_R_to_C	ISTPCPVKLLRGHTL
352	P17948_lys_at_850	mut_at_856_R_to_W	QASAFGIKKSPTCWT
353	P17948_lys_at_851	mut_at_856_R_to_W	ASAFGIKKSPTCWTV
354	P17948_lys_at_861	mut_at_856_R_to_W	TCWTVAVKMLKEGAT
355	P17948_lys_at_606	mut_at_607_Q_to_K	TMHYSISKKKMAITK
356	P17948_lys_at_608	mut_at_607_Q_to_K	HYSISKKKMAITKEH
357	P17948_lys_at_613	mut_at_607_Q_to_K	KKKMAITKEHSITLN
358	P56199_lys_at_34	mut_at_27_V_to_L	LSFNVDVKNSMTFSG
359	Q96DH6_lys_at_145	mut_at_148_N_to_S	DAMLMFDKTTSRHRG
360	Q7Z6J0_lys_at_34	mut_at_40_I_to_M	PCQHTFCKRCLLGMV
361	P07333_lys_at_793	mut_at_798_G_to_R	LTNGHVAKIGDFRLA
362	P07333_lys_at_33	mut_at_37_T_to_M	SVPELVVKPGAMVTL
363	Q8IWZ5_lys_at_216	mut_at_213_R_to_C	YLHGCLTKRYMQEHG
364	P51512_lys_at_588	mut_at_589_R_to_S	VYTVFQFKSKGTPRH
365	P51512_lys_at_590	mut_at_589_R_to_S	TVFQFKSKGTPRHIL
366	Q9C0B5_lys_at_343	mut_at_341_L_to_S	EDSSLSAKDSPPTPT
367	Q8WYB5_lys_at_962	mut_at_960_R_to_W	FVIIRWEKLILSHME
368	Q8WYB5_lys_at_440	mut_at_442_F_to_Y	GLIDGLTKFYTPSPD
369	P47898_lys_at_253	mut_at_260_T_to_M	VEVKDSAKQPQMVFM
370	P10721_lys_at_623	mut_at_621_A_to_T	AAMTVTVKMLKPSAH
371	P10721_lys_at_626	mut_at_621_A_to_T	TVTVKMLKPSAHLTE
372	P10721_lys_at_834	mut_at_836_M_to_T	GNARLPVKWTAPESI
373	P10721_lys_at_546	mut_at_541_M_to_L	IVLILTYKYLQKPMY
374	P10721_lys_at_778	mut_at_773_S_to_F	SFFYQVAKGMAFLAS
375	P10721_lys_at_236	mut_at_239_S_to_F	FTVTCTIKDVFSSVY
376	P10721_lys_at_593	mut_at_598_G_to_E	RNRLSFGKTLGAEAF
377	P10721_lys_at_602	mut_at_598_G_to_E	LGAEAFGKVVEATAY
378	P11308_lys_at_364	mut_at_369_L_to_F	KPNMNYDKLSRAFRY
379	P11308_lys_at_375	mut_at_369_L_to_F	AFRYYYDKNIMTKVH
380	Q00597_lys_at_151	mut_at_153_M_to_K	DYYPGLLKNKVLSLA
381	Q01081_lys_at_39	mut_at_34_S_to_F	RCFRLHNKPTFSQTI
382	Q8IYK2_lys_at_101	mut_at_107_A_to_T	TLWKGKMKPPAWYTR
383	P37173_lys_at_124	mut_at_128_K_to_R	ASPKCIMKEKKRPGE
384	P37173_lys_at_126	mut_at_128_K_to_R	PKCIMKEKKRPGETF
385	P37173_lys_at_127	mut_at_128_K_to_R	KCIMKEKKRPGETFF
386	P37173_lys_at_128	mut_at_128_K_to_R	CIMKEKKRPGETFFM
387	P37173_lys_at_388	mut_at_394_C_to_F	KSSNILVKNDLTCFL
388	P37173_lys_at_388	mut_at_393_C_to_F	KSSNILVKNDLTFCL
389	Q6ZR08_lys_at_2360	mut_at_2365_Q_to_L	ANLLLARKEIEYLEL
390	P62140_lys_at_259	mut_at_263_V_to_L	DGYEFFAKRQLLTLF
391	Q86U86_lys_at_1041	mut_at_1048_P_to_R	KCVVMFVKEYFKLCR
392	Q86U86_lys_at_1045	mut_at_1048_P_to_R	MFVKEYFKLCRENFR
393	Q86U86_lys_at_1299	mut_at_1301_P_to_L	RKPIVPQKELSPLLE
394	Q86U86_lys_at_1307	mut_at_1301_P_to_L	ELSPLLEKKIQLLEA
395	Q86U86_lys_at_1308	mut_at_1301_P_to_L	LSPLLEKKIQLLEAK
396	Q9Y2F5_lys_at_1199	mut_at_1206_M_to_I	SVSECSSKGTLSKEI
397	Q9Y2F5_lys_at_1204	mut_at_1206_M_to_I	SSKGTLSKEINKELK
398	Q9Y2F5_lys_at_1208	mut_at_1206_M_to_I	TLSKEINKELKASEI
399	Q9Y2F5_lys_at_1211	mut_at_1206_M_to_I	KEINKELKASEIGEK
400	Q6R327_lys_at_582	mut_at_575_R_to_G	GRLLYFYKPSSKLYA
401	Q6R327_lys_at_1184	mut_at_1180_E_to_D	SIGDNDLKFTKNFGT
402	Q6R327_lys_at_1187	mut_at_1180_E_to_D	DNDLKFTKNFGTENH
403	Q6R327_lys_at_274	mut_at_273_L_to_V	DTAEGQVKEDREARF
404	O60216_lys_at_314	mut_at_310_D_to_E	EPIEITVKETKAKRK
405	O60216_lys_at_317	mut_at_310_D_to_E	EITVKETKAKRKRKL
406	O60216_lys_at_387	mut_at_384_R_to_K	LWNNKLLKLFTRCLT
407	Q92574_lys_at_907	mut_at_913_E_to_K	QRLDTSQKRILELKS
408	Q92574_lys_at_918	mut_at_913_E_to_K	ELKSHLAKKDHLLLE
409	Q92574_lys_at_919	mut_at_913_E_to_K	LKSHLAKKDHLLLEQ
410	Q96LQ0_lys_at_302	mut_at_303_R_to_C	QFRRMMAKCPAIKKA
411	Q96LQ0_lys_at_307	mut_at_303_R_to_C	MAKCPAIKKAINMRS
412	Q96LQ0_lys_at_308	mut_at_303_R_to_C	AKCPAIKKAINMRSP
413	Q96DX7_lys_at_176	mut_at_183_G_to_W	MEAERVAKRKCPDHW
414	Q96DX7_lys_at_178	mut_at_183_G_to_W	AERVAKRKCPDHWLD
415	P35749_lys_at_738	mut_at_744_K_to_R	LAANAIPKGFMDGRQ
416	P35749_lys_at_744	mut_at_744_K_to_R	PKGFMDGRQACILMI
417	P35749_lys_at_1481	mut_at_1485_A_to_V	AEAEAREKETKVLSL
418	P35749_lys_at_1484	mut_at_1485_A_to_V	EAREKETKVLSLARA
419	Q9Y698_lys_at_258	mut_at_255_V_to_M	DASPMGIKGFNTLPS
420	Q15648_lys_at_583	mut_at_585_R_to_Q	FNMSMSIKDQHESVG
421	Q6UB99_lys_at_1186	mut_at_1193_A_to_T	KEPRDRRKDRGAADT
422	Q6UB99_lys_at_1197	mut_at_1193_A_to_T	AADTGRDKKEKVFEK
423	Q6UB99_lys_at_1198	mut_at_1193_A_to_T	ADTGRDKKEKVFEKH
424	Q6UB99_lys_at_1200	mut_at_1193_A_to_T	TGRDKKEKVFEKHKE
425	Q6UB99_lys_at_1599	mut_at_1598_H_to_Y	LEIEERYKRHKERMK
426	Q6UB99_lys_at_1602	mut_at_1598_H_to_Y	EERYKRHKERMKQME
427	O14686_lys_at_1466	mut_at_1468_G_to_S	PPLLTVPKGSWKCKW
428	O14686_lys_at_1470	mut_at_1468_G_to_S	TVPKGSWKCKWCVSC
429	O14686_lys_at_1472	mut_at_1468_G_to_S	PKGSWKCKWCVSCMQ
430	O14686_lys_at_1885	mut_at_1879_S_to_C	ICTEELPKMESKDLQ
431	O14686_lys_at_4537	mut_at_4540_R_to_G	DRLVSSRKKLGKEDG
432	O14686_lys_at_4538	mut_at_4540_R_to_G	RLVSSRKKLGKEDGV
433	O14686_lys_at_4541	mut_at_4540_R_to_G	SSRKKLGKEDGVRAS
434	O14686_lys_at_3436	mut_at_3442_G_to_S	MVALKGIKKVMAQSS
435	O14686_lys_at_3437	mut_at_3442_G_to_S	VALKGIKKVMAQSSI
436	O14686_lys_at_4794	mut_at_4794_K_to_N	TVSAAAANNLNGVMV
437	O14686_lys_at_1562	mut_at_1555_S_to_F	FCQPYVVKPVAPVAP
438	O14686_lys_at_1283	mut_at_1281_G_to_R	GTAISRGKAEGEKGR
439	O14686_lys_at_1288	mut_at_1281_G_to_R	RGKAEGEKGRRRSSP
440	P30530_lys_at_729	mut_at_732_V_to_L	ADRVYTSKSDLWSFG
441	Q02750_lys_at_104	mut_at_106_A_to_T	KLIHLEIKPTIRNQI
442	Q02750_lys_at_48	mut_at_51_E_to_G	ELDEQQRKRLGAFLT
443	Q02750_lys_at_57	mut_at_51_E_to_G	LGAFLTQKQKVGELK
444	Q02750_lys_at_35	mut_at_42_L_to_H	TNLEALQKKLEELEH
445	Q02750_lys_at_36	mut_at_42_L_to_H	NLEALQKKLEELEHD
446	Q02750_lys_at_48	mut_at_42_L_to_H	EHDEQQRKRLEAFLT
447	Q9Y2T1_lys_at_556	mut_at_563_E_to_K	YYCYSKCKSHSKAPK
448	Q9Y2T1_lys_at_560	mut_at_563_E_to_K	SKCKSHSKAPKTMPS
449	Q70JA7_lys_at_511	mut_at_515_R_to_W	EMINENAKSRGWLID
450	Q70JA7_lys_at_520	mut_at_515_R_to_W	RGWLIDFKEIQYGYR
451	P11274_lys_at_702	mut_at_698_S_to_P	RRQPMTVKKGEHRQL
452	P11274_lys_at_703	mut_at_698_S_to_P	RQPMTVKKGEHRQLL
453	P06213_lys_at_1195	mut_at_1201_R_to_Q	DYYRKGGKGLLPVQW
454	Q12979_lys_at_639	mut_at_645_F_to_S	SLKRTPSKKQTGVSG
455	Q12979_lys_at_640	mut_at_645_F_to_S	LKRTPSKKQTGVSGV
456	Q12979_lys_at_648	mut_at_645_F_to_S	QTGVSGVKISVVTKR
457	P35568_lys_at_15	mut_at_9_G_to_D	DDFSDVRKVGYLRKP
458	P51825_lys_at_1013	mut_at_1006_E_to_D	DSESQSSKSAYSVYS
459	Q15059_lys_at_307	mut_at_313_R_to_H	QHAGKKGKLSEHLHY
460	P41594_lys_at_939	mut_at_946_T_to_K	RLSIHINKKENPNQK
461	P41594_lys_at_940	mut_at_946_T_to_K	LSIHINKKENPNQKA
462	P41594_lys_at_950	mut_at_946_T_to_K	PNQKAVIKPFPKSTE
463	P16871_lys_at_173	mut_at_170_R_to_C	DVAYCQEKDENKWTH
464	P16871_lys_at_177	mut_at_170_R_to_C	CQEKDENKWTHVNLS
465	P16871_lys_at_395	mut_at_389_D_to_H	LHCRESGKNGPHVYQ
466	O15297_lys_at_469	mut_at_470_D_to_Y	QGVVIPSKYPEPLEE
467	Q12830_lys_at_292	mut_at_296_R_to_H	EMHVVLLKAVLHEED
468	Q9UBS0_lys_at_426	mut_at_421_P_to_S	RASVSPLKFSPFEGF
469	P01116_lys_at_147	mut_at_149_R_to_K	PFIETSAKTKQRVED
470	P01116_lys_at_16	mut_at_9_V_to_I	IGAGGVGKSALTIQL
471	P01116_lys_at_169	mut_at_164_R_to_Q	EIQQYRLKKISKEEK
472	P01116_lys_at_170	mut_at_164_R_to_Q	IQQYRLKKISKEEKT
473	Q8N8V4_lys_at_365	mut_at_368_Q_to_R	EEFLPIFKRERIDLE
474	Q8N1F7_lys_at_660	mut_at_656_P_to_L	ISALQSNKERLKNMA
475	Q8N1F7_lys_at_633	mut_at_640_E_to_Q	AKLYDLAKNADKVLQ
476	Q8N1F7_lys_at_637	mut_at_640_E_to_Q	DLAKNADKVLQLMNK
477	Q8N1F7_lys_at_644	mut_at_640_E_to_Q	KVLQLMNKLLSPVVP
478	O15123_lys_at_310	mut_at_315_M_to_V	PNSTEEIKAYCDVEA
479	Q15022_lys_at_587	mut_at_589_P_to_S	EVDSEDEKDSEWLRE
480	Q15022_lys_at_595	mut_at_589_P_to_S	DSEWLREKTITQIEE
481	Q15022_lys_at_646	mut_at_647_I_to_R	FVENYGQKRIKKNLC
482	Q15022_lys_at_649	mut_at_647_I_to_R	NYGQKRIKKNLCRNF
483	Q15022_lys_at_650	mut_at_647_I_to_R	YGQKRIKKNLCRNFM
484	P08581_lys_at_1161	mut_at_1166_R_to_Q	LVVLPYMKHGDLQNF
485	Q6Q0C0_lys_at_542	mut_at_536_G_to_S	SSSYQTIKIWDIRTL
486	Q6Q0C0_lys_at_308	mut_at_309_D_to_E	MHVALAQKEQEIAFL
487	Q6Q0C0_lys_at_389	mut_at_396_Q_to_R	PQQIFKCKGTFVGHR
488	O14497_lys_at_1654	mut_at_1658_R_to_W	EATQPVLKQRRWLTM
489	O14497_lys_at_1662	mut_at_1658_R_to_W	QRRWLTMKDIGTPEA
490	O14497_lys_at_1161	mut_at_1167_S_to_A	MAEGGDLKPPTPAAT
491	O14497_lys_at_2124	mut_at_2125_L_to_R	LVLETLSKRSIQDNN
492	O14497_lys_at_2013	mut_at_2018_H_to_Y	GLLLILGKLILLYHK
493	O14497_lys_at_2020	mut_at_2018_H_to_Y	KLILLYHKHPERKQA
494	O14497_lys_at_2025	mut_at_2018_H_to_Y	YHKHPERKQAPLTYE
495	O14497_lys_at_2243	mut_at_2236_R_to_C	CALLALAKVDENHSE
496	O14497_lys_at_2159	mut_at_2157_D_to_N	VRFLSNRKNPVCREM
497	O14497_lys_at_2045	mut_at_2050_W_to_G	DQGVSCNKVEWWGDC
498	O14497_lys_at_1772	mut_at_1779_E_to_G	EEELLGPKLEEEEEG
499	O14497_lys_at_1677	mut_at_1671_R_to_W	WWVMMSLKSGLLAES
500	Q07864_lys_at_995	mut_at_996_G_to_S	SVFEAFLKSSTLEEV
501	Q07864_lys_at_412	mut_at_411_V_to_L	MDCLRWLKRDSYLPV
502	Q07864_lys_at_1276	mut_at_1270_V_to_L	LLWLRFHKKKWQLQA
503	Q07864_lys_at_1277	mut_at_1270_V_to_L	LWLRFHKKKWQLQAR
504	P00519_lys_at_970	mut_at_977_S_to_N	TPKPQSAKPSGTPIN
505	P00519_lys_at_400	mut_at_402_P_to_S	YTAHAGAKFSIKWTA
506	P00519_lys_at_404	mut_at_402_P_to_S	AGAKFSIKWTAPESL
507	P00519_lys_at_658	mut_at_663_S_to_R	LDTADPAKSPKPRNG
508	P00519_lys_at_661	mut_at_663_S_to_R	ADPAKSPKPRNGAGV
509	P00519_lys_at_245	mut_at_247_K_to_R	ERTDITMKHRLGGGQ
510	P00519_lys_at_247	mut_at_247_K_to_R	TDITMKHRLGGGQYG
511	Q86Y25_lys_at_152	mut_at_149_S_to_L	QMIDLHEKTISEDGN
512	P30153_lys_at_188	mut_at_183_R_to_W	VRWAAASKLGEFAKV
513	P30153_lys_at_416	mut_at_418_R_to_W	VELAEDAKWWVRLAI
514	Q86V21_lys_at_222	mut_at_229_G_to_C	KEHNHMEKLQQVVKC
515	Q86V21_lys_at_228	mut_at_229_G_to_C	EKLQQVVKCLPDLKK
516	Q86V21_lys_at_234	mut_at_229_G_to_C	VKCLPDLKKVVVIPY
517	Q86V21_lys_at_235	mut_at_229_G_to_C	KCLPDLKKVVVIPYV
518	Q15831_lys_at_175	mut_at_179_P_to_L	HSQGIVHKDIKLGNL
519	Q15831_lys_at_178	mut_at_179_P_to_L	GIVHKDIKLGNLLLT
520	Q15831_lys_at_287	mut_at_281_P_to_L	PLLSDLLKGMLEYEP
521	Q15831_lys_at_287	mut_at_285_L_to_R	PPLSDRLKGMLEYEP
522	Q15831_lys_at_262	mut_at_256_E_to_K	FKGDNIYKLFENIGK
523	Q15831_lys_at_175	mut_at_168_H_to_Y	YSQGIVHKDIKPGNL
524	P11362_lys_at_566	mut_at_570_R_to_Q	VIVEYASKGNLQEYL
525	Q9UBC3_lys_at_517	mut_at_511_G_to_C	TCTAAEAKLQEPWSC
526	Q13422_lys_at_429	mut_at_436_D_to_N	ARNGLSLKEEHRAYN
527	Q13422_lys_at_352	mut_at_355_A_to_V	SPMYQLHKPLVEGTP
528	P48735_lys_at_133	mut_at_140_R_to_W	FKLKKMWKSPNGTIW
529	Q5VZK9_lys_at_863	mut_at_860_C_to_Y	ALSHYHHKLADHFSR
530	Q13635_lys_at_96	mut_at_101_F_to_L	KLGCYIQKNCGKLLV
531	Q13635_lys_at_100	mut_at_101_F_to_L	YIQKNCGKLLVVGLL
532	P84022_lys_at_81	mut_at_82_G_to_E	RLQVSHRKELPHVIY
533	P84022_lys_at_13	mut_at_17_G_to_D	PFTPPIVKRLLDWKK
534	P84022_lys_at_19	mut_at_17_G_to_D	VKRLLDWKKGEQNGQ
535	P84022_lys_at_20	mut_at_17_G_to_D	KRLLDWKKGEQNGQE
536	Q71DI3_lys_at_123	mut_at_126_Q_to_R	KRVTIMPKDIRLARR
537	O75676_lys_at_648	mut_at_645_E_to_D	QGVSDEAKELVRGLL
538	P11487_lys_at_101	mut_at_104_R_to_Q	GRYLAMNKRGQLYAS
539	P11487_lys_at_101	mut_at_95_R_to_W	GWYLAMNKRGRLYAS
540	Q68CP9_lys_at_1513	mut_at_1518_P_to_S	TNGTAECKTVKRSAE
541	Q68CP9_lys_at_1516	mut_at_1518_P_to_S	TAECKTVKRSAEDTD
542	Q68CP9_lys_at_1627	mut_at_1621_P_to_S	QSGDPMRKPGQNFMC
543	Q68CP9_lys_at_1813	mut_at_1817_E_to_K	EASSTLAKCLYKLNF
544	O75533_lys_at_700	mut_at_700_K_to_E	GLVDEQQEVRTISAL
545	O75533_lys_at_943	mut_at_946_K_to_T	VLWRLNNKSATVRQQ
546	O75533_lys_at_946	mut_at_946_K_to_T	RLNNKSATVRQQAAD
547	O75533_lys_at_666	mut_at_666_K_to_R	QARHTGIRIVQQIAI
548	O75533_lys_at_413	mut_at_415_L_to_P	AMFPEGYKVPPPPAG
549	Q9Y243_lys_at_63	mut_at_66_R_to_P	VAKCQLMKTEPPKPN
550	Q9Y243_lys_at_68	mut_at_66_R_to_P	LMKTEPPKPNTFIIR
551	Q9Y243_lys_at_161	mut_at_166_R_to_Q	LGKGTFGKVILVQEK
552	Q9Y243_lys_at_168	mut_at_166_R_to_Q	KVILVQEKASGKYYA
553	Q9Y243_lys_at_172	mut_at_166_R_to_Q	VQEKASGKYYAMKIL
554	P29475_lys_at_250	mut_at_255_G_to_S	DLDGKSHKPLPLSVE
555	Q9UBC3_lys_at_294	mut_at_296_V_to_I	FNLATFNKLISYRKA
556	Q9UBC3_lys_at_300	mut_at_296_V_to_I	NKLISYRKAMYHALE
557	Q16665_lys_at_721	mut_at_728_L_to_F	QNAQRKRKMEHDGSF
558	Q7KZ85_lys_at_111	mut_at_104_I_to_T	TEENLGVKVKRGQKY
559	P02751_lys_at_1878	mut_at_1877_T_to_S	SGLMVASKYEVSVYA
560	Q99743_lys_at_20	mut_at_27_V_to_F	SRNKSEKKRRDQFNF
561	Q99743_lys_at_30	mut_at_27_V_to_F	DQFNFLIKELSSMLP
562	P16403_lys_at_168	mut_at_168_K_to_N	PAAATVTNKVAKSPK
563	P16403_lys_at_169	mut_at_168_K_to_N	AAATVTNKVAKSPKK
564	P16403_lys_at_172	mut_at_168_K_to_N	TVTNKVAKSPKKAKV
565	P16403_lys_at_175	mut_at_168_K_to_N	NKVAKSPKKAKVAKP
566	Q6NXT2_lys_at_115	mut_at_120_M_to_V	NLCAIHAKRVTIVPK
567	Q6NXT2_lys_at_122	mut_at_120_M_to_V	KRVTIVPKDIQLARR
568	Q01196_lys_at_182	mut_at_177_R_to_Q	EPQRHRQKLDDQTKP
569	Q06124_lys_at_492	mut_at_491_P_to_L	DCDIDVLKTIQMVRS
570	Q13485_lys_at_519	mut_at_524_W_to_R	DYPRQSIKETPCRIE
571	Q13485_lys_at_507	mut_at_511_P_to_L	ILRMSFVKGWGLDYP
572	Q13485_lys_at_122	mut_at_129_N_to_D	CQYAFDLKCDSVCVD
573	Q13485_lys_at_507	mut_at_507_K_to_E	ILRMSFVEGWGPDYP
574	Q15303_lys_at_734	mut_at_740_E_to_V	GAFGTVYKGIWVPVG
575	Q15303_lys_at_745	mut_at_740_E_to_V	VPVGETVKIPVAIKI
576	Q15303_lys_at_312	mut_at_319_G_to_E	VRACPSSKMEVEENE
577	Q15303_lys_at_321	mut_at_319_G_to_E	EVEENEIKMCKPCTD
578	Q15303_lys_at_324	mut_at_319_G_to_E	ENEIKMCKPCTDICP
579	Q15303_lys_at_51	mut_at_44_Q_to_K	KQYRALRKYYENCEV
580	Q15303_lys_at_312	mut_at_313_M_to_I	VRACPSSKIEVEENG
581	Q15303_lys_at_1157	mut_at_1152_T_to_N	YMNPMRDKPKQEYLN
582	Q15303_lys_at_1159	mut_at_1152_T_to_N	NPMRDKPKQEYLNPV
583	Q15303_lys_at_935	mut_at_939_L_to_F	EIPDLLEKGERFPQP
584	Q15303_lys_at_852	mut_at_847_R_to_H	AAHNVLVKSPNHVKI
585	Q15303_lys_at_1157	mut_at_1163_L_to_M	YMTPMRDKPKQEYMN
586	Q15303_lys_at_1159	mut_at_1163_L_to_M	TPMRDKPKQEYMNPV
587	O14511_lys_at_319	mut_at_314_E_to_K	EAKNILGKDTVRGRL
588	Q6H8Q1_lys_at_229	mut_at_227_G_to_R	RVLEAREKHYHPSCA
589	Q6H8Q1_lys_at_274	mut_at_274_K_to_M	ARTEDRNMETRTSSE
590	P06213_lys_at_676	mut_at_677_G_to_R	FELDYCLKRLKLPSR
591	P06213_lys_at_679	mut_at_677_G_to_R	DYCLKRLKLPSRTWS
592	P06213_lys_at_396	mut_at_402_A_to_T	EEISGYLKIRRSYTL
593	Q13535_lys_at_1262	mut_at_1264_I_to_L	LPDHPELKKLKAVLQ
594	Q13535_lys_at_1263	mut_at_1264_I_to_L	PDHPELKKLKAVLQE
595	Q13535_lys_at_1265	mut_at_1264_I_to_L	HPELKKLKAVLQEYR
596	Q13535_lys_at_1649	mut_at_1647_R_to_H	AVASFHSKAYTRAVM
597	Q7Z6K3_lys_at_162	mut_at_163_G_to_E	SLPSFVTKENLGTIP
598	P49815_lys_at_464	mut_at_458_R_to_Q	SQGAVRIKVLDVLSF
599	P49815_lys_at_438	mut_at_439_D_to_N	AQSIHPAKNGWIQNL
600	P49815_lys_at_1345	mut_at_1341_S_to_F	SVSFQEEKSLHAEEL
601	P07949_lys_at_887	mut_at_894_G_to_D	ILVAEGRKMKISDFD
602	P07949_lys_at_889	mut_at_894_G_to_D	VAEGRKMKISDFDLS
603	P58397_lys_at_434	mut_at_429_P_to_L	PTLLTWSKCSEEYIT
604	P23769_lys_at_378	mut_at_385_P_to_S	NACGLYYKLHNVNRS
605	P23769_lys_at_389	mut_at_385_P_to_S	VNRSLTMKKEGIQTR
606	P23769_lys_at_390	mut_at_385_P_to_S	NRSLTMKKEGIQTRN
607	P40879_lys_at_49	mut_at_54_V_to_I	CCSCSPQKAKRIILS
608	P40879_lys_at_51	mut_at_54_V_to_I	SCSPQKAKRIILSLF
609	P06241_lys_at_320	mut_at_327_V_to_I	EEAQIMKKLKHDKLI
610	P06241_lys_at_322	mut_at_327_V_to_I	AQIMKKLKHDKLIQL
611	P06241_lys_at_325	mut_at_327_V_to_I	MKKLKHDKLIQLYAV
612	P02751_lys_at_1971	mut_at_1968_T_to_S	LQPGSDYKIYLYTLN
613	P43699_lys_at_181	mut_at_176_L_to_V	YEVERRFKQQKYLSA
614	Q63HQ2_lys_at_554	mut_at_553_G_to_V	MRPWPLVKALSGADV
615	P54132_lys_at_1247	mut_at_1244_V_to_I	IFNTITLKKLAESLS
616	P54132_lys_at_1248	mut_at_1244_V_to_I	FNTITLKKLAESLSS
617	P54132_lys_at_1002	mut_at_999_T_to_I	YHDVIRLKRLIMMEK
618	P54132_lys_at_629	mut_at_633_N_to_H	SIQNYTDKSAQHLAS
619	P54132_lys_at_640	mut_at_633_N_to_H	HLASRNLKHERFQSL
620	P54132_lys_at_1227	mut_at_1234_G_to_S	GELTEVCKSLGKVFS
621	P54132_lys_at_1231	mut_at_1234_G_to_S	EVCKSLGKVFSVHYF
622	P23468_lys_at_900	mut_at_896_S_to_N	FRLNARNKVGFGEEM
623	P07949_lys_at_1007	mut_at_1011_K_to_E	DISKDLEKMMVERRD
624	P07949_lys_at_1011	mut_at_1011_K_to_E	DLEKMMVERRDYLDL
625	P07949_lys_at_887	mut_at_892_D_to_N	ILVAEGRKMKISNFG
626	P07949_lys_at_889	mut_at_892_D_to_N	VAEGRKMKISNFGLS
627	P07949_lys_at_907	mut_at_903_D_to_N	YEENSYVKRSQGRIP
628	P07949_lys_at_887	mut_at_884_E_to_V	ILVAVGRKMKISDFG
629	P07949_lys_at_889	mut_at_884_E_to_V	VAVGRKMKISDFGLS
630	Q14204_lys_at_4111	mut_at_4113_L_to_F	GWLMQLEKKFHSLQP
631	Q14204_lys_at_4112	mut_at_4113_L_to_F	WLMQLEKKFHSLQPH
632	Q9H165_lys_at_130	mut_at_131_L_to_I	KQEHIADKILHWRGL
633	Q9UPW5_lys_at_484	mut_at_490_K_to_N	MKENISSKGDEGENK
634	Q9UPW5_lys_at_490	mut_at_490_K_to_N	SKGDEGENKSTFMDL
635	Q9UPW5_lys_at_491	mut_at_490_K_to_N	KGDEGENKSTFMDLA
636	Q5H9M0_lys_at_11	mut_at_15_W_to_S	EYVLCNWKDQLSPAK
637	Q5H9M0_lys_at_18	mut_at_15_W_to_S	KDQLSPAKVLSRSET
638	P20849_lys_at_675	mut_at_680_A_to_T	VVGEPGPKGEQGTSG
639	P38398_lys_at_1636	mut_at_1634_R_to_G	EESVSGEKPELTAST
640	P38398_lys_at_865	mut_at_871_P_to_L	QNTFKVSKRQSFALF
641	Q9Y6L7_lys_at_613	mut_at_613_K_to_R	GYELAADRKMCEVAC
642	Q9Y6L7_lys_at_614	mut_at_613_K_to_R	YELAADRKMCEVACG
643	P12931_lys_at_252	mut_at_256_Q_to_E	TTVCPTSKPQTEGLA
644	P12931_lys_at_260	mut_at_256_Q_to_E	PQTEGLAKDAWEIPR
645	P12931_lys_at_359	mut_at_362_R_to_W	FLKGETGKYLWLPQL
646	P12931_lys_at_346	mut_at_345_S_to_C	IVTEYMCKGSLLDFL
647	P21359_lys_at_2595	mut_at_2596_V_to_F	QQHPHLRKFSVSESN
648	P21802_lys_at_367	mut_at_362_A_to_S	LPSPGREKEITASPD
649	P21802_lys_at_322	mut_at_321_D_to_N	AGVNTTNKEIEVLYI
650	P21802_lys_at_543	mut_at_549_N_to_K	EMMKMIGKHKNIIKL
651	P21802_lys_at_545	mut_at_549_N_to_K	MKMIGKHKNIIKLLG
652	P43351_lys_at_190	mut_at_196_L_to_V	PLEVDLTKAKRQDVE
653	P43351_lys_at_192	mut_at_196_L_to_V	EVDLTKAKRQDVEPS
654	O75179_lys_at_871	mut_at_874_R_to_Q	KILEELQKVEQELQL
655	O75179_lys_at_879	mut_at_874_R_to_Q	VEQELQLKTQQQLKK
656	P37173_lys_at_381	mut_at_386_L_to_R	PIVHRDLKSSNIRVK
657	P37173_lys_at_388	mut_at_386_L_to_R	KSSNIRVKNDLTCCL
658	P52948_lys_at_1413	mut_at_1420_S_to_A	PVWQLSEKKQINVCA
659	P52948_lys_at_1414	mut_at_1420_S_to_A	VWQLSEKKQINVCAQ
660	P52948_lys_at_1425	mut_at_1420_S_to_A	VCAQLDWKRSLAIHL
661	P52948_lys_at_1749	mut_at_1756_R_to_H	LAQSDMAKRVANLLH
662	Q499Z3_lys_at_387	mut_at_390_L_to_I	MKALMMEKEQIQQQL
663	P78545_lys_at_328	mut_at_335_Y_to_C	NSNMTYEKLSRAMRC
664	P78545_lys_at_338	mut_at_335_Y_to_C	RAMRCYYKREILERV
665	Q16620_lys_at_126	mut_at_124_R_to_Q	HINFTQNKLTSLSRK
666	Q16620_lys_at_126	mut_at_125_N_to_S	HINFTRSKLTSLSRK
667	Q9Y4A5_lys_at_3813	mut_at_3807_L_to_M	QMVSLVQKAVTAIMT
668	P55884_lys_at_324	mut_at_323_V_to_I	SIFWNDIKDPVSIEE
669	Q16288_lys_at_797	mut_at_796_P_to_H	ERPRVCHKEVYDVML
670	P11387_lys_at_347	mut_at_349_R_to_G	FCIMDNHKEGIANFK
671	P11387_lys_at_354	mut_at_349_R_to_G	KEGIANFKIEPPGLF
672	P11387_lys_at_451	mut_at_457_I_to_T	YETARRLKKCVDKTR
673	P11387_lys_at_452	mut_at_457_I_to_T	ETARRLKKCVDKTRN
674	P11387_lys_at_456	mut_at_457_I_to_T	RLKKCVDKTRNQYRE
675	P42345_lys_at_2066	mut_at_2062_P_to_H	ERGHQTLKETSFNQA
676	P42345_lys_at_980	mut_at_973_Q_to_P	PAITFIFKSLGLKCV
677	P42345_lys_at_2256	mut_at_2261_L_to_F	LIRDYREKKKILFNI
678	P42345_lys_at_2257	mut_at_2261_L_to_F	IRDYREKKKILFNIE
679	P42345_lys_at_2258	mut_at_2261_L_to_F	RDYREKKKILFNIEH
680	P42345_lys_at_2218	mut_at_2224_R_to_K	NDPTSLRKNLSIQKY
681	P42345_lys_at_550	mut_at_556_G_to_D	LSLVLMHKPLRHPDM
682	P42345_lys_at_559	mut_at_556_G_to_D	LRHPDMPKGLAHQLA
683	Q9H1Y3_lys_at_361	mut_at_365_T_to_A	QKDGDRPKKKVAFNS
684	Q9H1Y3_lys_at_362	mut_at_365_T_to_A	KDGDRPKKKVAFNSS
685	Q9H1Y3_lys_at_363	mut_at_365_T_to_A	DGDRPKKKVAFNSSS
686	P07954_lys_at_172	mut_at_177_P_to_S	LGGELGSKIPVHSND
687	P07954_lys_at_183	mut_at_177_P_to_S	HSNDHVNKSQSSNDT
688	P09874_lys_at_119	mut_at_124_T_to_M	DFAAEYAKSNRSMCK
689	P09874_lys_at_126	mut_at_124_T_to_M	KSNRSMCKGCMEKIE
690	P09874_lys_at_131	mut_at_124_T_to_M	MCKGCMEKIEKGQVR
691	P09874_lys_at_400	mut_at_403_R_to_Q	MKILTLGKLSQNKDE
692	P09874_lys_at_405	mut_at_403_R_to_Q	LGKLSQNKDEVKAMI
693	P09874_lys_at_409	mut_at_403_R_to_Q	SQNKDEVKAMIEKLG
694	P84243_lys_at_80	mut_at_82_D_to_N	REIAQDFKTNLRFQS
695	Q8NHY2_lys_at_203	mut_at_207_L_to_W	QKQRFEEKRFKWDHS
696	Q8NHY2_lys_at_206	mut_at_207_L_to_W	RFEEKRFKWDHSVSS
697	Q8NHY2_lys_at_555	mut_at_560_C_to_F	SVASIEAKANVCFVK
698	Q8NHY2_lys_at_562	mut_at_560_C_to_F	KANVCFVKFSPSSRY
699	P15260_lys_at_285	mut_at_291_V_to_I	EKSIILPKSLISVIR
700	Q16832_lys_at_587	mut_at_590_D_to_N	CEVEGMEKFKNKDFA
701	Q16832_lys_at_589	mut_at_590_D_to_N	VEGMEKFKNKDFALD
702	Q16832_lys_at_591	mut_at_590_D_to_N	GMEKFKNKDFALDVS
703	Q6UVY6_lys_at_404	mut_at_411_L_to_F	IRLRHFRKGKEMKLF
704	Q6UVY6_lys_at_406	mut_at_411_L_to_F	LRHFRKGKEMKLFAY
705	Q6UVY6_lys_at_409	mut_at_411_L_to_F	FRKGKEMKLFAYDDD
706	Q9UK80_lys_at_413	mut_at_418_D_to_E	KKGFAGGKVSLRECF
707	Q9UK80_lys_at_425	mut_at_418_D_to_E	ECFNLFTKEEELESE
708	P08922_lys_at_1677	mut_at_1672_L_to_V	TSVQFNWKAPLNVNL
709	P08922_lys_at_1588	mut_at_1592_R_to_C	SHKPNGPKESVCYQL
710	P08922_lys_at_1904	mut_at_1902_E_to_K	TVLINKDKELAELRG
711	P08922_lys_at_146	mut_at_151_P_to_L	LGSWTYTKTVSRLSY
712	P08922_lys_at_156	mut_at_151_P_to_L	SRLSYVVKPLHPFTE
713	Q8IYW2_lys_at_1171	mut_at_1171_K_to_E	NFSMEIQEFKAESED
714	Q8IYW2_lys_at_1173	mut_at_1171_K_to_E	SMEIQEFKAESEDYL
715	P21802_lys_at_193	mut_at_190_R_to_Q	MPTMQWLKNGKEFKQ
716	P21802_lys_at_196	mut_at_190_R_to_Q	MQWLKNGKEFKQEHR
717	O75626_lys_at_675	mut_at_679_R_to_H	FTQFVHLKLHKHLHT
718	O75626_lys_at_678	mut_at_679_R_to_H	FVHLKLHKHLHTRER
719	O75626_lys_at_551	mut_at_548_N_to_H	DEAMHLIKNKRNMTG
720	O75626_lys_at_553	mut_at_548_N_to_H	AMHLIKNKRNMTGYK
721	P68431_lys_at_10	mut_at_4_T_to_A	RAKQTARKSTGGKAP
722	P81133_lys_at_190	mut_at_192_R_to_C	IHCSGYLKICQYSLD
723	Q9H4Q3_lys_at_296	mut_at_303_A_to_V	PGVRSAFKPAGLARV
724	Q15375_lys_at_494	mut_at_494_K_to_T	ERTYSTVTTKSTSAS
725	Q15375_lys_at_496	mut_at_494_K_to_T	TYSTVTTKSTSASIN
726	Q15375_lys_at_587	mut_at_593_D_to_N	RRHCGYSKADQEGNE
727	Q5VU43_lys_at_2175	mut_at_2182_G_to_S	TDGSFANKHGRHVIS
728	Q7Z7D3_lys_at_138	mut_at_145_Y_to_H	YIITSKGKGNANLEH
729	Q7Z7D3_lys_at_146	mut_at_145_Y_to_H	GNANLEHKTGAFSMP
730	P01111_lys_at_16	mut_at_16_K_to_E	VGAGGVGESALTIQL
731	P01111_lys_at_147	mut_at_146_A_to_T	PFIETSTKTRQGVED
732	Q9Y2I2_lys_at_292	mut_at_287_A_to_V	FYVISDIKVRGRCKC
733	Q5TC84_lys_at_295	mut_at_298_R_to_Q	RDRRERRKLLQFAQK
734	Q5TC84_lys_at_302	mut_at_298_R_to_Q	KLLQFAQKHYTPSEN
735	P63092_lys_at_233	mut_at_227_Q_to_R	GRRDERRKWIQCFND
736	P63092_lys_at_233	mut_at_227_Q_to_H	GHRDERRKWIQCFND
737	P63092_lys_at_88	mut_at_88_K_to_E	RSNSDGEEATKVQDI
738	P63092_lys_at_91	mut_at_88_K_to_E	SDGEEATKVQDIKNN
739	P63092_lys_at_233	mut_at_227_Q_to_L	GLRDERRKWIQCFND
740	Q5JWF2_lys_at_731	mut_at_731_K_to_E	RSNSDGEEATKVQDI
741	Q5JWF2_lys_at_734	mut_at_731_K_to_E	SDGEEATKVQDIKNN
742	Q8N3U4_lys_at_363	mut_at_370_R_to_Q	YNKELNSKLELFTSQ
743	Q8N3U4_lys_at_372	mut_at_370_R_to_Q	ELFTSQFKDRIVSMT
744	Q8N3U4_lys_at_1009	mut_at_1003_L_to_R	IRSEFSSKLLRQDKR
745	P60484_lys_at_183	mut_at_182_L_to_F	YYYSYLFKNHLDYRP
746	P60484_lys_at_313	mut_at_318_L_to_P	IERADNDKEYLVPTL
747	P60484_lys_at_322	mut_at_318_L_to_P	YLVPTLTKNDLDKAN
748	P60484_lys_at_102	mut_at_106_E_to_G	PPQLELIKPFCGDLD
749	P60484_lys_at_102	mut_at_103_P_to_S	PPQLELIKSFCEDLD
750	P60484_lys_at_62	mut_at_68_Y_to_H	RFLDSKHKNHYKIHN
751	P60484_lys_at_66	mut_at_68_Y_to_H	SKHKNHYKIHNLCAE
752	P60484_lys_at_13	mut_at_12_N_to_H	KEIVSRHKRRYQEDG
753	P60484_lys_at_163	mut_at_165_G_to_E	GEVRTRDKKEVTIPS
754	P60484_lys_at_164	mut_at_165_G_to_E	EVRTRDKKEVTIPSQ
755	P60484_lys_at_289	mut_at_282_G_to_R	RPEETSEKVENGSLC
756	P60484_lys_at_163	mut_at_156_G_to_W	WEVRTRDKKGVTIPS
757	Q9Y6Q9_lys_at_871	mut_at_867_S_to_C	VGSCPPVKNISAFPM
758	Q9H2S6_lys_at_60	mut_at_67_T_to_A	FWPEVPKKAYDMEHA
759	Q9H2S6_lys_at_74	mut_at_67_T_to_A	AFYSNGEKKKIYMEI
760	Q99062_lys_at_159	mut_at_156_F_to_L	LPTSLTLKSFKSRGN
761	Q99062_lys_at_162	mut_at_156_F_to_L	SLTLKSFKSRGNCQT
762	O14522_lys_at_1428	mut_at_1430_V_to_A	VETLEQYKFAYEVAL
763	O14522_lys_at_1070	mut_at_1076_E_to_D	LGFVRQVKFLNPPDA
764	O14522_lys_at_501	mut_at_502_I_to_T	QGGPFEEKTYIQWKP
765	O14522_lys_at_507	mut_at_502_I_to_T	EKTYIQWKPPNETNG
766	O14522_lys_at_308	mut_at_306_W_to_C	GATYLCIKPNANSII
767	O14522_lys_at_1428	mut_at_1432_E_to_K	VETLEQYKFVYKVAL
768	O14522_lys_at_810	mut_at_817_D_to_Y	SADKPTTKLSASRNY
769	O14522_lys_at_382	mut_at_388_H_to_Y	PPLTTRTKCADPVYG
770	O14522_lys_at_264	mut_at_260_R_to_W	TAQWSVSKYRCVIRS
771	O14522_lys_at_286	mut_at_283_L_to_Q	NYAEQIVKEPPTPIA
772	O14522_lys_at_541	mut_at_546_R_to_Q	DLSSQRGKVFKLQNE
773	O14522_lys_at_544	mut_at_546_R_to_Q	SQRGKVFKLQNETHH
774	O14522_lys_at_716	mut_at_721_R_to_C	SKANGETKINCVCLA
775	O14522_lys_at_725	mut_at_721_R_to_C	NCVCLATKGASTQNS
776	O14522_lys_at_524	mut_at_528_S_to_L	TLYEINYKAVGLLDP
777	O14522_lys_at_746	mut_at_752_A_to_T	KQVDNTVKMAGVITG
778	P46100_lys_at_2272	mut_at_2277_E_to_K	ELTEEERKAAWAKYE
779	P46100_lys_at_2282	mut_at_2277_E_to_K	WAKYEAEKKGLTMRF
780	P46100_lys_at_2283	mut_at_2277_E_to_K	AKYEAEKKGLTMRFN
781	P46100_lys_at_1818	mut_at_1813_G_to_E	LAECVQRKDYTALTK
782	P46100_lys_at_2158	mut_at_2156_Q_to_H	VYRFGHTKPVYVYRF
783	P46100_lys_at_2261	mut_at_2260_H_to_R	HDSLLDRKEEEELTE
784	P46100_lys_at_1505	mut_at_1512_R_to_H	KEEEERRKRIAEREH
785	P46100_lys_at_1516	mut_at_1512_R_to_H	EREHEREKLREVIEI
786	P46100_lys_at_1580	mut_at_1578_S_to_F	DCCCEFVKKTKKSPG
787	P46100_lys_at_1581	mut_at_1578_S_to_F	CCCEFVKKTKKSPGS
788	P46100_lys_at_1583	mut_at_1578_S_to_F	CEFVKKTKKSPGSGC
789	P46100_lys_at_1584	mut_at_1578_S_to_F	EFVKKTKKSPGSGCI
790	P46100_lys_at_581	mut_at_585_E_to_K	IKSKTTAKVTKKLYV
791	P46100_lys_at_584	mut_at_585_E_to_K	KTTAKVTKKLYVKLT
792	P46100_lys_at_589	mut_at_585_E_to_K	VTKKLYVKLTPVSLS
793	P46100_lys_at_372	mut_at_377_A_to_G	NMNSSYVKFLKQGTD
794	P46100_lys_at_375	mut_at_377_A_to_G	SSYVKFLKQGTDNSE
795	P46100_lys_at_1725	mut_at_1722_H_to_R	CDEGRILKNEASAVS
796	P46100_lys_at_1640	mut_at_1635_M_to_T	NWTNEFEKWQEGLKD
797	P46100_lys_at_910	mut_at_907_R_to_Q	ELRDQLPKKQQASAS
798	P46100_lys_at_911	mut_at_907_R_to_Q	LRDQLPKKQQASAST
799	P46100_lys_at_1706	mut_at_1713_P_to_S	KLKEIFNKALVDPGS
800	P46100_lys_at_1485	mut_at_1492_E_to_G	KKIRKILKDDKLRTG
801	P46100_lys_at_1488	mut_at_1492_E_to_G	RKILKDDKLRTGTQN
802	P46100_lys_at_1498	mut_at_1492_E_to_G	TGTQNALKEEEERRK
803	P46100_lys_at_686	mut_at_692_S_to_L	EECNETVKEKQKLLV
804	P46100_lys_at_688	mut_at_692_S_to_L	CNETVKEKQKLLVPV
805	P46100_lys_at_690	mut_at_692_S_to_L	ETVKEKQKLLVPVRK
806	P46100_lys_at_697	mut_at_692_S_to_L	KLLVPVRKKDKRNSS
807	P46100_lys_at_698	mut_at_692_S_to_L	LLVPVRKKDKRNSSD
808	P46100_lys_at_1801	mut_at_1803_R_to_H	MVDVRVMKKHAHILY
809	P46100_lys_at_1802	mut_at_1803_R_to_H	VDVRVMKKHAHILYE
810	P46100_lys_at_1273	mut_at_1272_A_to_P	DPENRIPKKMLLEEI
811	P46100_lys_at_1274	mut_at_1272_A_to_P	PENRIPKKMLLEEIK
812	P46100_lys_at_1616	mut_at_1610_T_to_I	HIVLLCDKLDFSTAL
813	P46100_lys_at_562	mut_at_560_S_to_F	EVESSFVKLNISSKD
814	P46100_lys_at_660	mut_at_664_L_to_V	LRRSPRVKTTPVRRP
815	P54577_lys_at_482	mut_at_485_K_to_N	GQPDEELKPKNKVFE
816	P54577_lys_at_484	mut_at_485_K_to_N	PDEELKPKNKVFEKL
817	P54577_lys_at_485	mut_at_485_K_to_N	DEELKPKNKVFEKLQ
818	P54577_lys_at_486	mut_at_485_K_to_N	EELKPKNKVFEKLQA
819	P54577_lys_at_490	mut_at_485_K_to_N	PKNKVFEKLQADFKI
820	Q8NFU7_lys_at_1115	mut_at_1121_G_to_D	VTCNVQQKYNQEKDT
821	Q8NFU7_lys_at_1120	mut_at_1121_G_to_D	QQKYNQEKDTIQQKP
822	Q8NFU7_lys_at_1126	mut_at_1121_G_to_D	EKDTIQQKPPSSVHN
823	Q8NFU7_lys_at_1178	mut_at_1184_G_to_C	NDRQKWEKLSYMYCT
824	Q8NFU7_lys_at_124	mut_at_121_V_to_F	QPPLFVAKSKKVPLS
825	Q8NFU7_lys_at_126	mut_at_121_V_to_F	PLFVAKSKKVPLSKG
826	Q8NFU7_lys_at_127	mut_at_121_V_to_F	LFVAKSKKVPLSKGL
827	Q8NFU7_lys_at_931	mut_at_938_R_to_K	ASLLNSCKAILYTVK
828	Q8NFU7_lys_at_939	mut_at_938_R_to_K	AILYTVKKDLQDPNL
829	Q8NFU7_lys_at_1829	mut_at_1833_L_to_V	LKSSDNTKTYSVMPS
830	Q8NFU7_lys_at_1460	mut_at_1458_G_to_D	MENRYDQKGNAIRIE
831	Q93074_lys_at_1490	mut_at_1497_E_to_K	SLVLTCLKGQDEQRK
832	Q93074_lys_at_1298	mut_at_1295_R_to_C	WVGECCLKSLCEDSN
833	Q93074_lys_at_1791	mut_at_1798_K_to_M	KKSTKGKKRSQPATM
834	Q93074_lys_at_1798	mut_at_1798_K_to_M	KRSQPATMTEDYGMG
835	Q93074_lys_at_264	mut_at_257_W_to_C	CVLECFEKIRPGEDE
836	Q93074_lys_at_1673	mut_at_1676_G_to_D	AGFDSIFKKEDLQVS
837	Q93074_lys_at_1674	mut_at_1676_G_to_D	GFDSIFKKEDLQVST
838	Q93074_lys_at_1682	mut_at_1676_G_to_D	EDLQVSTKQKISPWD
839	Q93074_lys_at_956	mut_at_961_R_to_W	EGLCGVVKHGMNWSD
840	O14497_lys_at_1603	mut_at_1609_S_to_L	ENRTSPSKSPFLHLG
841	O14497_lys_at_1612	mut_at_1609_S_to_L	PFLHLGMKMQKAGPP
842	O14497_lys_at_1615	mut_at_1609_S_to_L	HLGMKMQKAGPPVPA
843	Q5SW96_lys_at_294	mut_at_291_D_to_Y	LSPVYWDKPDSSGTE
844	Q5VTT5_lys_at_320	mut_at_319_R_to_Q	LRSSRRQKILYTDRQ
845	Q14376_lys_at_257	mut_at_261_Q_to_L	GHIAALRKLKELCGC
846	Q14376_lys_at_259	mut_at_261_Q_to_L	IAALRKLKELCGCRI
847	Q8NG27_lys_at_49	mut_at_50_T_to_M	ERIASQRKMNSEVPM
848	P10275_lys_at_143	mut_at_139_V_to_M	GAAMAASKGLPQQLP
849	P10275_lys_at_639	mut_at_646_A_to_D	LKKLGNLKLQEEGED
850	Q5JTC6_lys_at_566	mut_at_560_R_to_W	EWLVTIQKQLLYWEL
851	P36897_lys_at_223	mut_at_229_V_to_D	FGEVWRGKWRGEEDA
852	P36897_lys_at_232	mut_at_229_V_to_D	RGEEDAVKIFSSREE
853	P36897_lys_at_335	mut_at_338_N_to_I	AIAHRDLKSKIILVK
854	P36897_lys_at_337	mut_at_338_N_to_I	AHRDLKSKIILVKKN
855	P36897_lys_at_342	mut_at_338_N_to_I	KSKIILVKKNGTCCI
856	P36897_lys_at_343	mut_at_338_N_to_I	SKIILVKKNGTCCIA
857	Q99466_lys_at_1077	mut_at_1070_G_to_C	CFICHCPKGFEGPTC
858	Q9BYP7_lys_at_1675	mut_at_1680_K_to_N	KPSLNQLKQSQHNLE
859	Q9BYP7_lys_at_1680	mut_at_1680_K_to_N	QLKQSQHNLETENWN
860	P41229_lys_at_447	mut_at_443_D_to_N	YGANIHSKEFGSGFP
861	P41229_lys_at_874	mut_at_875_G_to_D	MHQIGDVKDVLEQVE
862	P43405_lys_at_261	mut_at_261_K_to_R	VLTVPCQRIGTQGNV
863	P43405_lys_at_368	mut_at_374_D_to_N	KEVYLDRKLLTLENK
864	P43405_lys_at_375	mut_at_374_D_to_N	KLLTLENKELGSGNF
865	Q96T58_lys_at_57	mut_at_59_A_to_T	FVDFVDIKSTQKAHN
866	Q96T58_lys_at_61	mut_at_59_A_to_T	VDIKSTQKAHNSVNK
867	Q9Y4H2_lys_at_987	mut_at_993_A_to_D	NLDFSSPKSPKPGDP
868	Q9Y4H2_lys_at_990	mut_at_993_A_to_D	FSSPKSPKPGDPSGH
869	Q9Y4H2_lys_at_41	mut_at_47_F_to_V	CGYLRKQKHGHKRVF
870	Q9Y4H2_lys_at_45	mut_at_47_F_to_V	RKQKHGHKRVFVLRG
871	Q9Y4H2_lys_at_1092	mut_at_1096_A_to_V	QPIAAPPKPEAVRVA
872	Q3SXZ7_lys_at_167	mut_at_166_M_to_T	PGITWITKPVARSQG
873	Q5VYS8_lys_at_67	mut_at_72_V_to_F	NYGNTPRKGPCAFSS
874	Q14676_lys_at_1484	mut_at_1488_T_to_R	RTDRSSVKTPERVVP
875	Q14676_lys_at_1936	mut_at_1935_V_to_I	DRIRRTIKFLCALGR
876	P15976_lys_at_316	mut_at_323_G_to_D	ASGKGKKKRGSSLGD
877	P15976_lys_at_100	mut_at_101_T_to_M	YAGWAYGKMGLYPAS
878	P15976_lys_at_233	mut_at_229_G_to_S	NACSLYHKMNGQNRP
879	Q9Y261_lys_at_159	mut_at_166_S_to_L	RRSYTHAKPPYSYIL
880	O00255_lys_at_206	mut_at_204_H_to_Q	AEVTWQGKGNEDRRG
881	O00255_lys_at_315	mut_at_318_Y_to_C	HKGIASAKTYCRDEH
882	O00329_lys_at_372	mut_at_372_K_to_N	VCSEPVWNQRLEFDI
883	O00329_lys_at_802	mut_at_806_L_to_M	QLMDVLWKQEGMDLR
884	O00329_lys_at_841	mut_at_846_A_to_V	IANIQLNKSNMAVTA
885	O00329_lys_at_852	mut_at_846_A_to_V	AVTAAFNKDALLNWL
886	O00329_lys_at_332	mut_at_330_G_to_S	IELIQSSKVNADERM
887	Q9UJM3_lys_at_406	mut_at_413_E_to_K	ERPPYLDKYEKFFRK
888	Q9UJM3_lys_at_409	mut_at_413_E_to_K	PYLDKYEKFFRKAEE
889	P98175_lys_at_126	mut_at_120_D_to_E	EEEEEEEKASNIVML
890	Q9Y2L1_lys_at_585	mut_at_590_Y_to_F	TKSVINSKASLTFAE
891	Q9Y2L1_lys_at_462	mut_at_465_K_to_R	MPWSITEKDMRNRED
892	Q9Y2L1_lys_at_465	mut_at_465_K_to_R	SITEKDMRNREDLRH
893	O15550_lys_at_1097	mut_at_1104_T_to_P	LSDDKKWKLQLHELP
894	O15550_lys_at_1105	mut_at_1104_T_to_P	LQLHELPKLPAFVRV
895	O15550_lys_at_716	mut_at_718_S_to_N	QQGITLTKENKPSGN
896	O15550_lys_at_719	mut_at_718_S_to_N	ITLTKENKPSGNILT
897	O15550_lys_at_1105	mut_at_1111_R_to_C	LQLHELTKLPAFVCV
898	O15550_lys_at_1301	mut_at_1302_Q_to_H	YCLLRTLKHCQTLRE
899	O15550_lys_at_1018	mut_at_1016_G_to_A	NWDPTATKKIWHCES
900	O15550_lys_at_1019	mut_at_1016_G_to_A	WDPTATKKIWHCESN
901	O15550_lys_at_1105	mut_at_1106_L_to_R	LQLHELTKRPAFVRV
902	O15550_lys_at_1250	mut_at_1255_R_to_W	PLTACQYKLAVEWYE
903	O15550_lys_at_1260	mut_at_1255_R_to_W	VEWYEWNKLQSVKSI
904	Q93008_lys_at_884	mut_at_882_R_to_H	MSRAFHGKHLSFVVR
905	Q6UB99_lys_at_1333	mut_at_1332_D_to_G	TEPPGDGKPRESACL
906	Q8NGK9_lys_at_52	mut_at_45_L_to_I	IGMIVIIKINPKLHT
907	Q6W2J9_lys_at_1460	mut_at_1464_E_to_K	ARRLIVNKNAGKTLL
908	Q6W2J9_lys_at_1256	mut_at_1258_G_to_S	GTNITEEKPSRKRAE
909	Q6W2J9_lys_at_1260	mut_at_1258_G_to_S	TEEKPSRKRAEAKGN
910	Q6W2J9_lys_at_1265	mut_at_1258_G_to_S	SRKRAEAKGNRSWSE
911	Q92878_lys_at_511	mut_at_513_D_to_N	VISLQNEKANLDRTL
912	Q92878_lys_at_520	mut_at_513_D_to_N	NLDRTLRKLDQEMEQ
913	Q92878_lys_at_321	mut_at_326_H_to_Y	TVREKERKLVDCYRE
914	Q92878_lys_at_331	mut_at_326_H_to_Y	DCYRELEKLNKESRL
915	Q92878_lys_at_838	mut_at_845_K_to_M	EKQEKQHKLDTVSSM
916	Q92878_lys_at_845	mut_at_845_K_to_M	KLDTVSSMIELNRKL
917	Q92878_lys_at_851	mut_at_845_K_to_M	SMIELNRKLIQDQQE
918	P23771_lys_at_101	mut_at_102_A_to_T	LPWLDGGKTLGSHHT
919	Q12778_lys_at_294	mut_at_287_S_to_N	NPGSQFSKWPASPGS
920	P47813_lys_at_88	mut_at_86_D_to_N	LRDYQNNKADVILKY
921	Q96T17_lys_at_514	mut_at_516_R_to_Q	QKEAAETKAQEVAEQ
922	Q13394_lys_at_175	mut_at_171_T_to_M	VQIMPAFKCTGIWPR
923	P51587_lys_at_374	mut_at_372_N_to_H	DSNVAHQKPFESGSD
924	P51587_lys_at_601	mut_at_605_I_to_V	IHDETSYKGKKVPKD
925	P51587_lys_at_603	mut_at_605_I_to_V	DETSYKGKKVPKDQK
926	P51587_lys_at_604	mut_at_605_I_to_V	ETSYKGKKVPKDQKS
927	P51587_lys_at_607	mut_at_605_I_to_V	YKGKKVPKDQKSELI
928	P51587_lys_at_610	mut_at_605_I_to_V	KKVPKDQKSELINCS
929	P51587_lys_at_2849	mut_at_2842_R_to_C	CNEREEEKEAAKYVE
930	P51587_lys_at_2339	mut_at_2336_R_to_H	CVPFHTTKERQEIQN
931	P51587_lys_at_2496	mut_at_2503_V_to_I	DIQDMRIKKKQRQRI
932	P51587_lys_at_2497	mut_at_2503_V_to_I	IQDMRIKKKQRQRIF
933	P51587_lys_at_2498	mut_at_2503_V_to_I	QDMRIKKKQRQRIFP
934	Q9NYK1_lys_at_311	mut_at_315_K_to_N	HVPPRWFKNINNLQE
935	Q9NYK1_lys_at_315	mut_at_315_K_to_N	RWFKNINNLQELDLS
936	Q15306_lys_at_123	mut_at_130_E_to_G	LDISDPYKVYRIVPG
937	Q15306_lys_at_133	mut_at_130_E_to_G	RIVPGGAKKGAKQLT
938	Q15306_lys_at_134	mut_at_130_E_to_G	IVPGGAKKGAKQLTL
939	Q15306_lys_at_137	mut_at_130_E_to_G	GGAKKGAKQLTLEDP
940	P23468_lys_at_876	mut_at_871_L_to_F	TTFEFSEKEDHFTAT
941	P49336_lys_at_281	mut_at_283_F_to_I	PEHSTLMKDIRRNTY
942	O60674_lys_at_73	mut_at_76_G_to_A	EICIAASKACAITPV
943	Q8N4C6_lys_at_655	mut_at_661_E_to_Q	KKAQENMKQRHENQT
944	Q8N4C6_lys_at_667	mut_at_661_E_to_Q	NQTHTLEKQISDLKN
945	O75083_lys_at_21	mut_at_21_K_to_N	QVERGVSNIIGGDPK
946	O75083_lys_at_28	mut_at_21_K_to_N	NIIGGDPKGNNFLYT
947	Q9NRM7_lys_at_421	mut_at_423_E_to_K	PRPGPPGKAKPSLPA
948	Q9UM73_lys_at_727	mut_at_732_D_to_N	LKGIQIWKVPATNTY
949	Q9UM73_lys_at_1101	mut_at_1100_G_to_C	PNYCFACKTSSISDL
950	Q9UM73_lys_at_1079	mut_at_1086_S_to_L	ELQSPEYKLSKLRTL
951	Q9UM73_lys_at_1082	mut_at_1086_S_to_L	SPEYKLSKLRTLTIM
952	Q9UM73_lys_at_434	mut_at_432_G_to_V	EGTSPVSKMALQSSF
953	Q9UM73_lys_at_1109	mut_at_1116_I_to_T	TSSISDLKEVPRKNT
954	Q9UM73_lys_at_1114	mut_at_1116_I_to_T	DLKEVPRKNTTLIRG
955	O15360_lys_at_595	mut_at_590_P_to_T	LTTRVLPKVPDSRVA
956	O15360_lys_at_1283	mut_at_1284_A_to_S	NSTTDLPKSFHVCAA
957	Q9NZR2_lys_at_3822	mut_at_3829_C_to_R	DAYCNQIKTSVFCRR
958	Q9NZR2_lys_at_3830	mut_at_3829_C_to_R	TSVFCRRKPGFQRNM
959	Q9NZR2_lys_at_2913	mut_at_2910_C_to_S	SGGLSDNKDDCGDGS
960	Q9NZR2_lys_at_2705	mut_at_2702_D_to_N	TWICNGQKDCEDGRD
961	Q03164_lys_at_3077	mut_at_3083_Q_to_H	HLKPATEKLIVVNHN
962	Q03164_lys_at_957	mut_at_962_I_to_V	LGDTTAVKTKILVKK
963	Q03164_lys_at_959	mut_at_962_I_to_V	DTTAVKTKILVKKGR
964	Q03164_lys_at_963	mut_at_962_I_to_V	VKTKILVKKGRGNLE
965	Q03164_lys_at_964	mut_at_962_I_to_V	KTKILVKKGRGNLEK
966	Q03164_lys_at_2764	mut_at_2766_H_to_R	RPEDAGEKERVTKSS
967	Q03164_lys_at_2769	mut_at_2766_H_to_R	GEKERVTKSSVGHKN
968	P25391_lys_at_1631	mut_at_1631_K_to_R	EETDNLQRKLTRMLA
969	P25391_lys_at_1632	mut_at_1631_K_to_R	ETDNLQRKLTRMLAS
970	Q9H707_lys_at_194	mut_at_198_K_to_Q	QEATHTGKSNSQTEC
971	Q9H707_lys_at_198	mut_at_198_K_to_Q	HTGKSNSQTECVSLF
972	P18074_lys_at_634	mut_at_631_R_to_C	YTQSCILKARLEYLR
973	P31751_lys_at_401	mut_at_398_S_to_R	GGGPRDAKEVMEHRF
974	Q14790_lys_at_34	mut_at_36_E_to_D	LDYIPQRKQDPIKDA
975	Q14790_lys_at_39	mut_at_36_E_to_D	QRKQDPIKDALMLFQ
976	Q06124_lys_at_445	mut_at_438_F_to_V	VLEEVHHKQESIMDA
977	Q06124_lys_at_178	mut_at_180_D_to_N	MIRCQELKYNVGGGE
978	P35916_lys_at_1052	mut_at_1046_S_to_L	LLESDVVKICDFGLA
979	P35916_lys_at_611	mut_at_612_N_to_Y	NPLLLDCKYVHLFAT
980	P35916_lys_at_869	mut_at_870_G_to_D	ASAFGIHKDSSCDTV
981	P35916_lys_at_1157	mut_at_1164_E_to_K	NCWSGDPKARPAFSK
982	P22455_lys_at_408	mut_at_404_A_to_S	RPPSTVQKLSRFPLA
983	Q16288_lys_at_627	mut_at_629_L_to_H	MKHGDLNKFHRAHGP
984	Q16288_lys_at_818	mut_at_823_I_to_M	PQQRLNIKEIYKMLH
985	Q16288_lys_at_822	mut_at_823_I_to_M	LNIKEIYKMLHALGK
986	Q16288_lys_at_829	mut_at_823_I_to_M	KMLHALGKATPIYLD
987	Q16288_lys_at_602	mut_at_599_H_to_Y	LQHEYIVKFYGVCGD
988	Q16288_lys_at_602	mut_at_608_G_to_S	LQHEHIVKFYGVCSD
989	Q96GM5_lys_at_101	mut_at_104_A_to_S	SGMDQSRKRPSPQQI
990	Q96GM5_lys_at_177	mut_at_183_R_to_Q	EALKRPIKQKRKLQI
991	Q96GM5_lys_at_179	mut_at_183_R_to_Q	LKRPIKQKRKLQIFI
992	Q96GM5_lys_at_181	mut_at_183_R_to_Q	RPIKQKRKLQIFISN
993	Q9H4D5_lys_at_326	mut_at_327_R_to_W	LCGTEAHKWLPTCKG
994	Q9H4D5_lys_at_332	mut_at_327_R_to_W	HKWLPTCKGSFFGSE
995	P46100_lys_at_2233	mut_at_2239_E_to_K	RDTPMLPKDTILAKL
996	P46100_lys_at_2245	mut_at_2239_E_to_K	AKLLQIHKEHIVGYH
997	P46100_lys_at_1449	mut_at_1454_E_to_G	SEEEEEEKEEEEGEE
998	P46100_lys_at_46	mut_at_47_I_to_V	AMNQNTDKVSGSGSN
999	Q76N89_lys_at_180	mut_at_174_T_to_N	TNPSVTVKNSAAPIF
1000	Q330K2_lys_at_316	mut_at_320_L_to_I	FHPSLQQKNTLIPLY
1001	P41212_lys_at_393	mut_at_396_R_to_G	RTNMTYEKMSGALRH
1002	P41212_lys_at_403	mut_at_396_R_to_G	GALRHYYKLNIIRKE
1003	Q12879_lys_at_80	mut_at_81_S_to_N	LMNRTDPKNLITHVC
1004	Q12879_lys_at_711	mut_at_716_A_to_T	YMTKFNQKGVEDTLV
1005	Q12879_lys_at_721	mut_at_716_A_to_T	EDTLVSLKTGKLDAF
1006	Q12879_lys_at_214	mut_at_214_K_to_N	DTSFEDANTQVQLKK
1007	Q12879_lys_at_220	mut_at_214_K_to_N	ANTQVQLKKIHSSVI
1008	Q12879_lys_at_221	mut_at_214_K_to_N	NTQVQLKKIHSSVIL
1009	Q12879_lys_at_394	mut_at_399_C_to_Y	HAVWPRYKSFSDYEP
1010	Q12879_lys_at_590	mut_at_589_A_to_S	GYNRNLSKGKAPHGP
1011	Q12879_lys_at_592	mut_at_589_A_to_S	NRNLSKGKAPHGPSF
1012	Q9BXL7_lys_at_310	mut_at_310_K_to_Q	DILEHDRQEALEDRQ
1013	Q9BXL7_lys_at_233	mut_at_238_K_to_N	QLEIDQLKHRLNNME
1014	Q9BXL7_lys_at_238	mut_at_238_K_to_N	QLKHRLNNMEEECKL
1015	Q9BXL7_lys_at_244	mut_at_238_K_to_N	NNMEEECKLERNQSL
1016	Q9BXL7_lys_at_434	mut_at_429_V_to_I	CIINLESKLRRLSKD
1017	Q9BXL7_lys_at_362	mut_at_365_M_to_I	GKDCEMYKHRINTVM
1018	Q9BXL7_lys_at_578	mut_at_574_V_to_I	DSIIRRYKEDAPHRS
1019	Q6W2J9_lys_at_523	mut_at_526_S_to_L	PNEENNGKSMLLKNK
1020	Q6W2J9_lys_at_528	mut_at_526_S_to_L	NGKSMLLKNKALDWA
1021	Q6W2J9_lys_at_530	mut_at_526_S_to_L	KSMLLKNKALDWAIP
1022	Q6W2J9_lys_at_419	mut_at_421_G_to_D	KTAVQDRKDDSSPPL
1023	Q6W2J9_lys_at_1159	mut_at_1163_R_to_Q	VPEDPLLKAKRQRVS
1024	Q6W2J9_lys_at_1161	mut_at_1163_R_to_Q	EDPLLKAKRQRVSKD
1025	Q6W2J9_lys_at_1167	mut_at_1163_R_to_Q	AKRQRVSKDDWPERE
1026	P08581_lys_at_368	mut_at_375_N_to_S	AMCAFPIKYVNDFFS
1027	P08581_lys_at_376	mut_at_375_N_to_S	YVNDFFSKIVNKNNV
1028	P08581_lys_at_380	mut_at_375_N_to_S	FFSKIVNKNNVRCLQ
1029	P08581_lys_at_956	mut_at_949_L_to_F	FGFFLWLKKRKQIKD
1030	P35240_lys_at_149	mut_at_145_A_to_T	ASYTVQAKYGDYDPS
1031	P35240_lys_at_469	mut_at_469_K_to_R	REAERRARQKLLEIA
1032	P35240_lys_at_471	mut_at_469_K_to_R	AERRARQKLLEIATK
1033	P54762_lys_at_136	mut_at_133_P_to_S	WSEASYLKVDTIAAD
1034	P54762_lys_at_924	mut_at_918_D_to_N	DNWLSAIKMVQYRDS
1035	P54762_lys_at_237	mut_at_242_G_to_R	EEVDVPIKLYCNRDG
1036	P54762_lys_at_566	mut_at_562_V_to_I	ISIICSRKRAYSKEA
1037	Q13485_lys_at_385	mut_at_386_G_to_R	RARLHIGKRVQLECK
1038	Q13485_lys_at_392	mut_at_386_G_to_R	KRVQLECKGEGDVWV
1039	Q13485_lys_at_48	mut_at_54_L_to_S	ESLVKKLKEKKDESD
1040	Q13485_lys_at_50	mut_at_54_L_to_S	LVKKLKEKKDESDSL
1041	Q13485_lys_at_51	mut_at_54_L_to_S	VKKLKEKKDESDSLI
1042	Q13485_lys_at_88	mut_at_81_R_to_G	GLQVAGRKGFPHVIY
1043	Q13485_lys_at_122	mut_at_126_V_to_A	CQYAFDLKCDSACVN
1044	Q13485_lys_at_428	mut_at_426_V_to_F	APGDAFHKIYPSAYI
1045	Q13485_lys_at_385	mut_at_386_G_to_V	RARLHIGKVVQLECK
1046	Q13485_lys_at_392	mut_at_386_G_to_V	KVVQLECKGEGDVWV
1047	Q13485_lys_at_113	mut_at_118_A_to_V	KNELKHVKYCQYVFD
1048	Q13485_lys_at_122	mut_at_118_A_to_V	CQYVFDLKCDSVCVN
1049	Q13485_lys_at_507	mut_at_510_G_to_E	ILRMSFVKGWEPDYP
1050	Q13485_lys_at_106	mut_at_100_R_to_T	WTWPDLHKNELKHVK
1051	Q13485_lys_at_385	mut_at_386_G_to_D	RARLHIGKDVQLECK
1052	Q13485_lys_at_392	mut_at_386_G_to_D	KDVQLECKGEGDVWV
1053	Q13485_lys_at_50	mut_at_57_L_to_S	LVKKLKEKKDELDSS
1054	Q13485_lys_at_51	mut_at_57_L_to_S	VKKLKEKKDELDSSI
1055	Q13485_lys_at_122	mut_at_128_V_to_M	CQYAFDLKCDSVCMN
1056	Q13485_lys_at_106	mut_at_101_W_to_C	WRCPDLHKNELKHVK
1057	Q13485_lys_at_507	mut_at_508_G_to_V	ILRMSFVKVWGPDYP
1058	Q13485_lys_at_37	mut_at_43_L_to_S	GESETFAKRAIESSV
1059	Q13485_lys_at_45	mut_at_43_L_to_S	RAIESSVKKLKEKKD
1060	Q13485_lys_at_46	mut_at_43_L_to_S	AIESSVKKLKEKKDE
1061	Q13485_lys_at_48	mut_at_43_L_to_S	ESSVKKLKEKKDELD
1062	Q13485_lys_at_50	mut_at_43_L_to_S	SVKKLKEKKDELDSL
1063	Q13485_lys_at_507	mut_at_501_L_to_R	IRRMSFVKGWGPDYP
1064	Q13485_lys_at_519	mut_at_523_C_to_W	DYPRQSIKETPWWIE
1065	Q13485_lys_at_519	mut_at_524_W_to_C	DYPRQSIKETPCCIE
1066	Q13485_lys_at_507	mut_at_508_G_to_D	ILRMSFVKDWGPDYP
1067	Q13485_lys_at_385	mut_at_383_I_to_K	RARLHKGKGVQLECK
1068	Q71RC2_lys_at_188	mut_at_183_V_to_L	PMLQVDEKGEKVRPS
1069	Q70CQ2_lys_at_3130	mut_at_3136_R_to_H	MVETSKGKDDVYDHM
1070	Q8TEK3_lys_at_1402	mut_at_1405_L_to_V	PLCGPTDKTPVLSGK
1071	Q8TEK3_lys_at_1409	mut_at_1405_L_to_V	KTPVLSGKAAKARDR
1072	Q8TEK3_lys_at_1412	mut_at_1405_L_to_V	VLSGKAAKARDREVD
1073	P29375_lys_at_122	mut_at_129_G_to_S	LDLYALSKIVASKGS
1074	P29375_lys_at_127	mut_at_129_G_to_S	LSKIVASKGSFEMVT
1075	P29375_lys_at_135	mut_at_129_G_to_S	GSFEMVTKEKKWSKV
1076	P29375_lys_at_425	mut_at_428_R_to_W	FGSGFPVKDGWRKIL
1077	P29375_lys_at_430	mut_at_428_R_to_W	PVKDGWRKILPEEEE
1078	Q99593_lys_at_157	mut_at_163_N_to_I	RQLVSFQKLKLTNIH
1079	Q99593_lys_at_159	mut_at_163_N_to_I	LVSFQKLKLTNIHLD
1080	O14980_lys_at_752	mut_at_749_R_to_Q	IRSMQTVKRETLKLI
1081	Q68DV7_lys_at_81	mut_at_83_M_to_T	EITPAEGKLTQSHPL
1082	Q68DV7_lys_at_171	mut_at_164_I_to_N	NWGNDAEKLMEFVYK
1083	Q68DV7_lys_at_181	mut_at_186_I_to_T	EFVYKNQKAHVRTEL
1084	Q68DV7_lys_at_189	mut_at_186_I_to_T	AHVRTELKEPPAWPD
1085	Q68DV7_lys_at_45	mut_at_50_V_to_R	SERSAEQKAIIRRIP
1086	Q68DV7_lys_at_54	mut_at_50_V_to_R	IIRRIPLKMDPTGKL
1087	Q68DV7_lys_at_171	mut_at_168_D_to_G	IWGNGAEKLMEFVYK
1088	P41229_lys_at_186	mut_at_184_E_to_D	RPFDNDEKDKEYKPH
1089	P41229_lys_at_188	mut_at_184_E_to_D	FDNDEKDKEYKPHSI
1090	P41229_lys_at_191	mut_at_184_E_to_D	DEKDKEYKPHSIPLR
1091	O14980_lys_at_674	mut_at_677_D_to_G	SIIQQATKNVGILKD
1092	O14980_lys_at_680	mut_at_677_D_to_G	TKNVGILKDPETVKQ
1093	O14980_lys_at_656	mut_at_660_L_to_F	VQEHLIEKYMLFPNQ
1094	P59535_lys_at_183	mut_at_181_T_to_M	PSSNSMEKKYFSETN
1095	P59535_lys_at_184	mut_at_181_T_to_M	SSNSMEKKYFSETNM
1096	Q9BYW2_lys_at_1673	mut_at_1666_Y_to_C	CQFQRYGKEAQKCFC
1097	Q9BYW2_lys_at_1587	mut_at_1583_V_to_G	CGEGLDHKEFKARVK
1098	Q9BYW2_lys_at_1590	mut_at_1583_V_to_G	GLDHKEFKARVKEYA
1099	Q9BYW2_lys_at_2506	mut_at_2510_R_to_H	ITTTEDFKHLAHKLT
1100	Q9BYW2_lys_at_2511	mut_at_2510_R_to_H	DFKHLAHKLTHGVMN
1101	Q9BYW2_lys_at_1600	mut_at_1604_Y_to_D	VKEYARNKNIHDYFM
1102	Q9BYW2_lys_at_1610	mut_at_1604_Y_to_D	HDYFMALKNDEIIDA
1103	A3KN83_lys_at_955	mut_at_962_H_to_Y	LQADRRAKNQRRRVY
1104	Q96DT7_lys_at_460	mut_at_456_R_to_Q	QTCQNFIKDALNISI
1105	P03372_lys_at_244	mut_at_244_K_to_Q	CQACRLRQCYEVGMM
1106	P03372_lys_at_266	mut_at_269_R_to_C	RRGGRMLKHKCQRDD
1107	P03372_lys_at_268	mut_at_269_R_to_C	GGRMLKHKCQRDDGE
1108	C9JL84_lys_at_56	mut_at_61_A_to_V	GLREEERKEKGVVFL
1109	C9JL84_lys_at_58	mut_at_61_A_to_V	REEERKEKGVVFLAT
1110	O75874_lys_at_126	mut_at_132_R_to_G	RLVSGWVKPIIIGGH
1111	Q02080_lys_at_112	mut_at_106_P_to_H	GHEEPGEKFRRLAGE
1112	Q7Z3H4_lys_at_236	mut_at_240_T_to_M	IEAPSNQKSSEMNEK
1113	Q7Z3H4_lys_at_243	mut_at_240_T_to_M	KSSEMNEKPTTALAN
1114	Q92569_lys_at_78	mut_at_74_E_to_K	SREKVNDKLRDMPDG
1115	Q76L83_lys_at_237	mut_at_239_E_to_K	SSFSSSVKVKNTLLG
1116	Q76L83_lys_at_84	mut_at_85_K_to_N	RMGVYTLKNDVPDGV
1117	Q76L83_lys_at_85	mut_at_85_K_to_N	MGVYTLKNDVPDGVK
1118	Q76L83_lys_at_92	mut_at_85_K_to_N	NDVPDGVKELSEGSE
1119	P04637_lys_at_370	mut_at_375_Q_to_K	RAHSSHLKSKKGKST
1120	P04637_lys_at_372	mut_at_375_Q_to_K	HSSHLKSKKGKSTSR
1121	P04637_lys_at_373	mut_at_375_Q_to_K	SSHLKSKKGKSTSRH
1122	P04637_lys_at_381	mut_at_375_Q_to_K	GKSTSRHKKLMFKTE
1123	P04637_lys_at_382	mut_at_375_Q_to_K	KSTSRHKKLMFKTEG
1124	P04637_lys_at_351	mut_at_348_L_to_W	LNEAWELKDAQAGKE
1125	P04637_lys_at_351	mut_at_344_L_to_Q	QNEALELKDAQAGKE
1126	P52333_lys_at_748	mut_at_746_A_to_P	RQQLPPPKWTELALL
1127	P52333_lys_at_885	mut_at_888_G_to_D	LHSDFIVKYRDVSYG
1128	P52333_lys_at_733	mut_at_739_E_to_K	ISALDPAKKLQFYKD
1129	P52333_lys_at_734	mut_at_739_E_to_K	SALDPAKKLQFYKDR
1130	P52333_lys_at_876	mut_at_870_R_to_Q	QQEIQILKALHSDFI
1131	O75030_lys_at_45	mut_at_48_I_to_T	AEHPGASKPPTSSSS
1132	Q08AG5_lys_at_649	mut_at_654_L_to_R	INVRIVGKHSVCRVP
1133	P51532_lys_at_953	mut_at_946_P_to_T	TFAMTGEKVDLNEEE
1134	Q5SRH9_lys_at_86	mut_at_83_N_to_I	LLAGIMMKEAQMLCQ
1135	Q9NRP7_lys_at_228	mut_at_226_C_to_W	STISPWFKNFLQGLL
1136	Q11206_lys_at_162	mut_at_159_V_to_M	YEGDMGSKTTMRLFY
1137	Q92574_lys_at_881	mut_at_887_E_to_K	TKEVEMMKAAYRKKL
1138	Q92574_lys_at_886	mut_at_887_E_to_K	MMKAAYRKKLEKNRS
1139	Q92574_lys_at_890	mut_at_887_E_to_K	AYRKKLEKNRSHVLQ
1140	Q96L73_lys_at_522	mut_at_525_R_to_W	HIQFEAHKDEWRGKI
1141	Q96L73_lys_at_528	mut_at_525_R_to_W	HKDEWRGKIPENLGL
1142	Q96L73_lys_at_769	mut_at_776_A_to_G	SSENSLIKGGAANQG
1143	Q96L73_lys_at_781	mut_at_776_A_to_G	NQGLLHSKSKQPKFR
1144	Q96L73_lys_at_783	mut_at_776_A_to_G	GLLHSKSKQPKFRSI
1145	Q96L73_lys_at_223	mut_at_222_V_to_I	ESRHGAIKSPFLPLA
1146	Q96L73_lys_at_2031	mut_at_2030_Q_to_E	QPNCETEKWSVNGDT
1147	Q13422_lys_at_273	mut_at_268_A_to_V	RLVSNVAKRKSSMPQ
1148	Q13422_lys_at_275	mut_at_268_A_to_V	VSNVAKRKSSMPQKF
1149	P16452_lys_at_680	mut_at_683_T_to_A	FQNLTNYKSVAVVAP
1150	Q9BX84_lys_at_85	mut_at_92_T_to_M	SEQWSVEKHTTKSPM
1151	Q9BX84_lys_at_89	mut_at_92_T_to_M	SVEKHTTKSPMDTFG
1152	Q9UNL4_lys_at_129	mut_at_136_K_to_E	DSSSSKGKKKGRTQE
1153	Q9UNL4_lys_at_130	mut_at_136_K_to_E	SSSSKGKKKGRTQEE
1154	Q9UNL4_lys_at_131	mut_at_136_K_to_E	SSSKGKKKGRTQEEK
1155	Q9UNL4_lys_at_136	mut_at_136_K_to_E	KKKGRTQEEKKAARA
1156	Q9UNL4_lys_at_138	mut_at_136_K_to_E	KGRTQEEKKAARARS
1157	Q9UNL4_lys_at_139	mut_at_136_K_to_E	GRTQEEKKAARARSK
1158	P30281_lys_at_96	mut_at_95_R_to_L	LSCVPTLKAQLQLLG
1159	P04637_lys_at_291	mut_at_286_E_to_Q	TEQENLRKKGEPHHE
1160	P04637_lys_at_292	mut_at_286_E_to_Q	EQENLRKKGEPHHEL
1161	P04637_lys_at_139	mut_at_145_L_to_Q	KMFCQLAKTCPVQQW
1162	P04637_lys_at_132	mut_at_130_L_to_R	TYSPARNKMFCQLAK
1163	P04637_lys_at_164	mut_at_161_A_to_D	VRAMDIYKQSQHMTE
1164	P04637_lys_at_120	mut_at_113_F_to_C	CLHSGTAKSVTCTYS
1165	P04637_lys_at_132	mut_at_132_K_to_N	TYSPALNNMFCQLAK
1166	P04637_lys_at_139	mut_at_132_K_to_N	NMFCQLAKTCPVQLW
1167	P04637_lys_at_132	mut_at_131_N_to_H	TYSPALHKMFCQLAK
1168	P04637_lys_at_164	mut_at_161_A_to_T	VRAMTIYKQSQHMTE
1169	P04637_lys_at_164	mut_at_158_R_to_L	VLAMAIYKQSQHMTE
1170	P04637_lys_at_132	mut_at_131_N_to_I	TYSPALIKMFCQLAK
1171	P04637_lys_at_132	mut_at_130_L_to_V	TYSPAVNKMFCQLAK
1172	P04637_lys_at_164	mut_at_163_Y_to_H	VRAMAIHKQSQHMTE
1173	P04637_lys_at_132	mut_at_135_C_to_Y	TYSPALNKMFYQLAK
1174	P04637_lys_at_139	mut_at_135_C_to_Y	KMFYQLAKTCPVQLW
1175	P04637_lys_at_132	mut_at_133_M_to_K	TYSPALNKKFCQLAK
1176	P04637_lys_at_139	mut_at_133_M_to_K	KKFCQLAKTCPVQLW
1177	P04637_lys_at_292	mut_at_299_L_to_P	EEENLRKKGEPHHEP
1178	P04637_lys_at_305	mut_at_299_L_to_P	EPPPGSTKRALPNNT
1179	P04637_lys_at_132	mut_at_136_Q_to_E	TYSPALNKMFCELAK
1180	P04637_lys_at_139	mut_at_136_Q_to_E	KMFCELAKTCPVQLW
1181	P04637_lys_at_305	mut_at_300_P_to_S	ELSPGSTKRALPNNT
1182	P04637_lys_at_120	mut_at_124_C_to_L	FLHSGTAKSVTLTYS
1183	P04637_lys_at_291	mut_at_291_K_to_N	TEEENLRNKGEPHHE
1184	P04637_lys_at_292	mut_at_291_K_to_N	EEENLRNKGEPHHEL
1185	P04637_lys_at_164	mut_at_159_A_to_P	VRPMAIYKQSQHMTE
1186	P04637_lys_at_132	mut_at_130_L_to_F	TYSPAFNKMFCQLAK
1187	P04637_lys_at_291	mut_at_286_E_to_K	TEKENLRKKGEPHHE
1188	P04637_lys_at_292	mut_at_286_E_to_K	EKENLRKKGEPHHEL
1189	P04637_lys_at_120	mut_at_127_S_to_T	FLHSGTAKSVTCTYT
1190	P04637_lys_at_132	mut_at_127_S_to_T	TYTPALNKMFCQLAK
1191	P04637_lys_at_164	mut_at_168_H_to_R	VRAMAIYKQSQRMTE
1192	P04637_lys_at_120	mut_at_126_Y_to_S	FLHSGTAKSVTCTSS
1193	P04637_lys_at_132	mut_at_126_Y_to_S	TSSPALNKMFCQLAK
1194	P04637_lys_at_139	mut_at_141_C_to_Y	KMFCQLAKTYPVQLW
1195	P04637_lys_at_291	mut_at_285_E_to_V	TVEENLRKKGEPHHE
1196	P04637_lys_at_292	mut_at_285_E_to_V	VEENLRKKGEPHHEL
1197	Q9NYV4_lys_at_743	mut_at_737_T_to_I	GIYGQVYKAKDKDTG
1198	Q9NYV4_lys_at_263	mut_at_259_Y_to_C	SSNCDSYKKSPGSTS
1199	Q9NYV4_lys_at_264	mut_at_259_Y_to_C	SNCDSYKKSPGSTSR
1200	P29320_lys_at_134	mut_at_136_R_to_Q	SDDDHGVKFQEHQFT
1201	P29320_lys_at_142	mut_at_136_R_to_Q	FQEHQFTKIDTIAAD
1202	P11362_lys_at_139	mut_at_139_K_to_E	DDSSSEEEETDNTKP
1203	P11362_lys_at_145	mut_at_139_K_to_E	EEETDNTKPNRMPVA
1204	P11362_lys_at_419	mut_at_424_R_to_C	MAVHKLAKSIPLCRQ
1205	P11362_lys_at_655	mut_at_661_R_to_Q	IHHIDYYKKTTNGQL
1206	P11362_lys_at_656	mut_at_661_R_to_Q	HHIDYYKKTTNGQLP
1207	P11362_lys_at_665	mut_at_661_R_to_Q	TNGQLPVKWMAPEAL
1208	Q9P1A6_lys_at_794	mut_at_791_T_to_M	GHITMEDKGLQFGSS
1209	Q9P1A6_lys_at_886	mut_at_892_A_to_V	KRMEGWCKEMEREVE
1210	Q99788_lys_at_246	mut_at_251_R_to_C	CYLTIVCKLQRNCLA
1211	Q99788_lys_at_254	mut_at_251_R_to_C	LQRNCLAKTKKPFKI
1212	Q99788_lys_at_256	mut_at_251_R_to_C	RNCLAKTKKPFKIIV
1213	Q99788_lys_at_257	mut_at_251_R_to_C	NCLAKTKKPFKIIVT
1214	P35222_lys_at_394	mut_at_387_N_to_K	KLSDAATKQEGMEGL
1215	P35222_lys_at_335	mut_at_335_K_to_I	MRTYTYEILLWTTSR
1216	P40692_lys_at_286	mut_at_282_A_to_V	VYAVYLPKNTHPFLY
1217	Q15303_lys_at_312	mut_at_315_V_to_I	VRACPSSKMEIEENG
1218	Q15303_lys_at_321	mut_at_315_V_to_I	EIEENGIKMCKPCTD
1219	P23759_lys_at_58	mut_at_59_I_to_M	LPNHIRHKMVEMAHH
1220	P23759_lys_at_486	mut_at_484_R_to_H	LSTQRHMKLGEHSAV
1221	Q01118_lys_at_608	mut_at_614_Q_to_H	LRIFKLGKYWPTFHI
1222	O75747_lys_at_312	mut_at_305_P_to_S	SCANYLVKDLIAEIL
1223	A6NDY0_lys_at_141	mut_at_139_E_to_G	LSGTPGEKVEADHRS
1224	P03372_lys_at_206	mut_at_211_R_to_S	VWSCEGCKAFFKSSI
1225	P03372_lys_at_210	mut_at_211_R_to_S	EGCKAFFKSSIQGHN
1226	P03372_lys_at_252	mut_at_259_R_to_Q	CYEVGMMKGGIRKDQ
1227	P03372_lys_at_257	mut_at_259_R_to_Q	MMKGGIRKDQRGGRM
1228	P03372_lys_at_266	mut_at_259_R_to_Q	QRGGRMLKHKRQRDD
1229	Q14517_lys_at_3714	mut_at_3719_V_to_L	STKQLLHKINSSLTD
1230	Q14517_lys_at_4204	mut_at_4208_R_to_W	VVFVLCRKMISWKKK
1231	Q14517_lys_at_4209	mut_at_4208_R_to_W	CRKMISWKKKHQAEP
1232	Q14517_lys_at_4210	mut_at_4208_R_to_W	RKMISWKKKHQAEPK
1233	Q14517_lys_at_4211	mut_at_4208_R_to_W	KMISWKKKHQAEPKD
1234	Q14517_lys_at_2553	mut_at_2556_R_to_Q	GQIFTLEKLDQETPA
1235	Q14517_lys_at_2562	mut_at_2556_R_to_Q	DQETPAEKVISVRLM
1236	Q14517_lys_at_3736	mut_at_3739_A_to_V	RILNVFQKLCVGLDC
1237	Q14517_lys_at_3746	mut_at_3739_A_to_V	VGLDCPWKFCDEKVS
1238	Q9UI33_lys_at_363	mut_at_370_R_to_C	MTQDSWEKLYQQTLC
1239	P14210_lys_at_91	mut_at_98_W_to_L	CKAFVFDKARKQCLL
1240	P14210_lys_at_94	mut_at_98_W_to_L	FVFDKARKQCLLFPF
1241	Q5VST9_lys_at_2411	mut_at_2408_R_to_Q	IPSVQPPKWLLGKTV
1242	P45985_lys_at_131	mut_at_135_S_to_G	SGQIMAVKRIRGTVD
1243	P45985_lys_at_140	mut_at_135_S_to_G	IRGTVDEKEQKQLLM
1244	O00743_lys_at_188	mut_at_189_G_to_R	RNQEIPHKRAFCDLV
1245	Q99715_lys_at_940	mut_at_933_R_to_H	HGYRVSWKSLYDDVD
1246	P21359_lys_at_513	mut_at_517_E_to_K	LLLCNPRKQGPKTQG
1247	Q9UNL4_lys_at_156	mut_at_160_K_to_E	NSDEEAPKTAQEKLK
1248	Q9UNL4_lys_at_160	mut_at_160_K_to_E	EAPKTAQEKLKLVRT
1249	Q9UNL4_lys_at_161	mut_at_160_K_to_E	APKTAQEKLKLVRTS
1250	Q9UNL4_lys_at_163	mut_at_160_K_to_E	KTAQEKLKLVRTSPE
1251	Q8NCD3_lys_at_149	mut_at_156_I_to_M	LKNELRRKYLTQVDM
1252	P22607_lys_at_530	mut_at_532_I_to_L	VSEMEMMKMLGKHKN
1253	P22607_lys_at_534	mut_at_532_I_to_L	EMMKMLGKHKNIINL
1254	P22607_lys_at_536	mut_at_532_I_to_L	MKMLGKHKNIINLLG
1255	P22607_lys_at_319	mut_at_322_E_to_K	AGANTTDKELKVLSL
1256	P22607_lys_at_496	mut_at_500_A_to_T	AEAIGIDKDRATKPV
1257	P22607_lys_at_501	mut_at_500_A_to_T	IDKDRATKPVTVAVK
1258	Q6PIF6_lys_at_1424	mut_at_1423_P_to_L	LSGPRLLKTQLILAV
1259	Q9UNL4_lys_at_156	mut_at_156_K_to_E	NSDEEAPETAQKKLK
1260	Q9UNL4_lys_at_160	mut_at_156_K_to_E	EAPETAQKKLKLVRT
1261	Q9UNL4_lys_at_161	mut_at_156_K_to_E	APETAQKKLKLVRTS
1262	Q9UNL4_lys_at_163	mut_at_156_K_to_E	ETAQKKLKLVRTSPE
1263	P23468_lys_at_204	mut_at_204_K_to_N	SEESDQGNYECVATN
1264	Q9HCK4_lys_at_727	mut_at_725_E_to_K	QGMDSKSKTVRTTEE
1265	Q14093_lys_at_100	mut_at_106_E_to_K	AARRQPLKPTRTVKV
1266	Q14093_lys_at_110	mut_at_106_E_to_K	RTVKVDSKAAEIGKK
1267	Q8IZD2_lys_at_256	mut_at_263_D_to_V	SRKSSRVKGSAPEIV
1268	Q8IZX4_lys_at_941	mut_at_940_M_to_V	NEEDFQVKIDDEVHA
1269	P38398_lys_at_566	mut_at_568_P_to_T	GDSIQNEKNTNPIES
1270	P38398_lys_at_1037	mut_at_1038_E_to_G	NIRENVFKGASSSNI
1271	P48736_lys_at_344	mut_at_348_S_to_I	EQLTIHGKDHEIVFT
1272	P48736_lys_at_903	mut_at_904_D_to_E	VGNTGAFKEEVLNHW
1273	P48736_lys_at_320	mut_at_316_D_to_E	PALEEVRKEEWPLVD
1274	P48736_lys_at_683	mut_at_676_A_to_T	TLARFLLKRGLRNKR
1275	P48736_lys_at_833	mut_at_839_R_to_C	ETIGIIFKHGDDLCQ
1276	P48736_lys_at_320	mut_at_327_D_to_E	PALDEVRKEEWPLVE
1277	P48736_lys_at_1008	mut_at_1014_V_to_A	KTSPHFQKFQDICAK
1278	P48736_lys_at_1015	mut_at_1014_V_to_A	KFQDICAKAYLALRH
1279	P48736_lys_at_298	mut_at_305_V_to_L	QWVRHCLKNGEEIHL
1280	O60393_lys_at_301	mut_at_302_R_to_C	DHYPDSDKCREIAQT
1281	Q15910_lys_at_735	mut_at_740_E_to_K	YSQADALKYVGIKRE
1282	A6NI61_lys_at_27	mut_at_25_A_to_T	PTVSITAKRRFHMEA
1283	O43791_lys_at_154	mut_at_161_V_to_M	NGLLPDDKLTLFCEM
1284	Q9H5I5_lys_at_2379	mut_at_2382_R_to_Q	YAHIFILKCWQESEK
1285	Q9H5I5_lys_at_2386	mut_at_2382_R_to_Q	KCWQESEKRYPQPRG
1286	P42684_lys_at_465	mut_at_468_V_to_I	AYNTFSIKSDIWAFG
1287	P25054_lys_at_1551	mut_at_1557_I_to_V	ESNENQEKEAEKTVD
1288	P25054_lys_at_1555	mut_at_1557_I_to_V	NQEKEAEKTVDSEKD
1289	P25054_lys_at_1561	mut_at_1557_I_to_V	EKTVDSEKDLLDDSD
1290	P49715_lys_at_90	mut_at_86_R_to_P	QHSPQQEKAKAAVGP
1291	P49715_lys_at_92	mut_at_86_R_to_P	SPQQEKAKAAVGPTG
1292	P27986_lys_at_480	mut_at_481_R_to_M	TSQEIQMKMTAIEAF
1293	P27986_lys_at_224	mut_at_217_E_to_K	KEYIQLLKKLIRSPS
1294	P27986_lys_at_346	mut_at_353_G_to_R	SREEVNEKLRDTADR
1295	P27986_lys_at_187	mut_at_194_P_to_T	HVLADAFKRYLLDLT
1296	P15692_lys_at_156	mut_at_163_W_to_R	KGQKRKRKKSRYKSR
1297	P15692_lys_at_157	mut_at_163_W_to_R	GQKRKRKKSRYKSRS
1298	P15692_lys_at_161	mut_at_163_W_to_R	KRKKSRYKSRSVYVG
1299	P43699_lys_at_151	mut_at_146_L_to_V	GSVGDVSKNMAPLPS
1300	Q86UR5_lys_at_208	mut_at_211_R_to_Q	GSEVPREKKAQLQER
1301	Q86UR5_lys_at_209	mut_at_211_R_to_Q	SEVPREKKAQLQERS
1302	P04629_lys_at_174	mut_at_181_G_to_E	LGGVPEQKLQCHGQE
1303	P04629_lys_at_506	mut_at_507_R_to_H	DACVHHIKHRDIVLK
1304	P04629_lys_at_513	mut_at_507_R_to_H	KHRDIVLKWELGEGA
1305	Q86SQ9_lys_at_100	mut_at_103_R_to_H	LMDLARQKFSHLMEE
1306	Q86SQ9_lys_at_108	mut_at_103_R_to_H	FSHLMEEKEKLQKHG
1307	Q86SQ9_lys_at_110	mut_at_103_R_to_H	HLMEEKEKLQKHGVC
1308	P10242_lys_at_123	mut_at_129_Q_to_K	SVIAKHLKGRIGKKC
1309	P10242_lys_at_128	mut_at_129_Q_to_K	HLKGRIGKKCRERWH
1310	O94779_lys_at_258	mut_at_257_S_to_Y	TGNLYIYKVQTSDVG
1311	Q03164_lys_at_201	mut_at_208_D_to_H	SVFSPLNKSETKSGH
1312	Q03164_lys_at_205	mut_at_208_D_to_H	PLNKSETKSGHKIKK
1313	Q03164_lys_at_209	mut_at_208_D_to_H	SETKSGHKIKKKDSK
1314	Q03164_lys_at_211	mut_at_208_D_to_H	TKSGHKIKKKDSKSI
1315	Q03164_lys_at_212	mut_at_208_D_to_H	KSGHKIKKKDSKSIE
1316	Q03164_lys_at_213	mut_at_208_D_to_H	SGHKIKKKDSKSIEK
1317	Q03164_lys_at_913	mut_at_916_V_to_I	YPVGRVSKEKIVGED
1318	Q03164_lys_at_915	mut_at_916_V_to_I	VGRVSKEKIVGEDVA
1319	O95835_lys_at_640	mut_at_641_F_to_L	SYSPQAFKLFMEQHV
1320	O95835_lys_at_125	mut_at_126_T_to_I	MVIQALQKINNRSIE
1321	O95835_lys_at_1029	mut_at_1036_T_to_A	QSASYIPKITHPTDA
1322	P78364_lys_at_633	mut_at_627_S_to_C	QCVHLPGKPQTLAVK
1323	Q5H9F3_lys_at_1195	mut_at_1198_D_to_N	PESQSPGKRANSHEE
1324	P23468_lys_at_1022	mut_at_1017_D_to_V	PVVQVFAKNFHVKAV
1325	P23468_lys_at_1301	mut_at_1302_S_to_N	RAESDSRKNSIPNNK
1326	P23468_lys_at_1308	mut_at_1302_S_to_N	KNSIPNNKEIPSHHP
1327	P23468_lys_at_1291	mut_at_1287_I_to_V	VIAVLLYKRKRAESD
1328	P23468_lys_at_1293	mut_at_1287_I_to_V	AVLLYKRKRAESDSR
1329	P51587_lys_at_2496	mut_at_2502_R_to_C	DIQDMRIKKKQRQCV
1330	P51587_lys_at_2497	mut_at_2502_R_to_C	IQDMRIKKKQRQCVF
1331	P51587_lys_at_2498	mut_at_2502_R_to_C	QDMRIKKKQRQCVFP
1332	P51587_lys_at_1765	mut_at_1771_G_to_D	NDSGYLSKNKLDSDI
1333	P51587_lys_at_1767	mut_at_1771_G_to_D	SGYLSKNKLDSDIEP
1334	P51587_lys_at_1777	mut_at_1771_G_to_D	SDIEPVLKNVEDQKN
1335	P51587_lys_at_3115	mut_at_3114_I_to_V	DLNEDIVKPHMLIAA
1336	P51587_lys_at_327	mut_at_331_K_to_Q	LQKVRTSKTRKQIFH
1337	P51587_lys_at_330	mut_at_331_K_to_Q	VRTSKTRKQIFHEAN
1338	P51587_lys_at_331	mut_at_331_K_to_Q	RTSKTRKQIFHEANA
1339	P51587_lys_at_1189	mut_at_1191_K_to_M	FEGTVEIKRMFAGLL
1340	P51587_lys_at_1191	mut_at_1191_K_to_M	GTVEIKRMFAGLLKN
1341	P51587_lys_at_1197	mut_at_1191_K_to_M	RMFAGLLKNDCNKSA
1342	P51587_lys_at_2359	mut_at_2353_G_to_V	PVQEFLSKSHLYEHL
1343	P51587_lys_at_1861	mut_at_1868_D_to_Y	VSHETIKKVKDIFTY
1344	P51587_lys_at_1863	mut_at_1868_D_to_Y	HETIKKVKDIFTYSF
1345	P51587_lys_at_1872	mut_at_1868_D_to_Y	IFTYSFSKVIKENNE
1346	P51587_lys_at_1875	mut_at_1868_D_to_Y	YSFSKVIKENNENKS
1347	P51587_lys_at_1964	mut_at_1968_S_to_P	ICKCSIGKLHKPVSS
1348	P51587_lys_at_1967	mut_at_1968_S_to_P	CSIGKLHKPVSSANT
1349	P51587_lys_at_285	mut_at_289_N_to_H	SCKDHIGKSMPHVLE
1350	P51587_lys_at_1984	mut_at_1977_I_to_V	VFSTASGKSVQVSDA
1351	P51587_lys_at_1530	mut_at_1529_G_to_E	GFHTASEKKVKIAKE
1352	P51587_lys_at_1531	mut_at_1529_G_to_E	FHTASEKKVKIAKES
1353	P51587_lys_at_1533	mut_at_1529_G_to_E	TASEKKVKIAKESLD
1354	P51587_lys_at_1536	mut_at_1529_G_to_E	EKKVKIAKESLDKVK
1355	P51587_lys_at_1690	mut_at_1695_E_to_K	QTSLLEAKKWLRKGI
1356	P51587_lys_at_1691	mut_at_1695_E_to_K	TSLLEAKKWLRKGIF
1357	Q96K83_lys_at_920	mut_at_913_P_to_L	LGESAIVKKKAELIK
1358	Q05823_lys_at_106	mut_at_101_I_to_T	AATAGSVKLLKLFLS
1359	Q8N122_lys_at_169	mut_at_162_G_to_E	EEVWVFNKNYTQYIP
1360	P36896_lys_at_378	mut_at_378_K_to_Q	PNQRVGTQRYMAPEV
1361	O95996_lys_at_588	mut_at_593_S_to_L	LVSTLTYKCQSNLLA
1362	Q9UPY3_lys_at_1657	mut_at_1663_I_to_V	FDHPDADKTLNHLVS
1363	P07333_lys_at_185	mut_at_182_G_to_D	SALMDGRKVMSISIR
1364	Q99788_lys_at_246	mut_at_249_R_to_C	CYLTIVCKLQCNRLA
1365	Q99788_lys_at_254	mut_at_249_R_to_C	LQCNRLAKTKKPFKI
1366	Q99788_lys_at_256	mut_at_249_R_to_C	CNRLAKTKKPFKIIV
1367	P59533_lys_at_326	mut_at_330_R_to_Q	LKVRADHKADSQTLC
1368	P31749_lys_at_154	mut_at_157_G_to_S	MNEFEYLKLLSKGTF
1369	P31749_lys_at_158	mut_at_157_G_to_S	EYLKLLSKGTFGKVI
1370	P31749_lys_at_163	mut_at_157_G_to_S	LSKGTFGKVILVKEK
1371	P31749_lys_at_20	mut_at_23_R_to_Q	HKRGEYIKTWQPRYF
1372	P31749_lys_at_30	mut_at_23_R_to_Q	QPRYFLLKNDGTFIG
1373	P31749_lys_at_14	mut_at_17_E_to_K	VKEGWLHKRGKYIKT
1374	P31749_lys_at_20	mut_at_17_E_to_K	HKRGKYIKTWRPRYF
1375	P31749_lys_at_426	mut_at_431_S_to_L	KKLSPPFKPQVTLET
1376	Q9Y6Q3_lys_at_12	mut_at_18_R_to_W	SGVQILTKPETVDWR
1377	Q16288_lys_at_346	mut_at_343_R_to_Q	GQPLQESKIIHVEYY
1378	O95400_lys_at_333	mut_at_329_F_to_L	GGQLYNSKRIDFDLY
1379	Q92889_lys_at_260	mut_at_267_R_to_C	SLENAIGKPFDKTIC
1380	Q92889_lys_at_264	mut_at_267_R_to_C	AIGKPFDKTICHYLD
1381	P12829_lys_at_57	mut_at_55_E_to_K	ADQIEKFKEAFSLFD
1382	Q68DV7_lys_at_125	mut_at_127_R_to_Q	PCLSLASKAQMAGER
1383	Q96GD4_lys_at_168	mut_at_174_E_to_K	ELYKELQKSCTFDKQ
1384	Q14164_lys_at_659	mut_at_652_Q_to_H	HLLQDRAKGAQASPP
1385	Q13332_lys_at_1083	mut_at_1080_R_to_H	DVDGHTTKKLITHLK
1386	Q13332_lys_at_1084	mut_at_1080_R_to_H	VDGHTTKKLITHLKP
1387	Q8WZ42_lys_at_31413	mut_at_31419_I_to_T	KSNKERIKDKQFTTG
1388	Q8WZ42_lys_at_31415	mut_at_31419_I_to_T	NKERIKDKQFTTGGL
1389	Q13332_lys_at_519	mut_at_525_P_to_L	LSDPIQVKTQQGVLG
1390	Q13332_lys_at_1824	mut_at_1829_R_to_W	QYILREFKVTDAWDG
1391	Q13332_lys_at_1538	mut_at_1542_S_to_N	VRTFSLHKNGSNEKR
1392	Q13332_lys_at_1544	mut_at_1542_S_to_N	HKNGSNEKREVRQFQ
1393	Q8IV63_lys_at_125	mut_at_129_S_to_N	VTRGSPQKTSCNPQK
1394	Q8IV63_lys_at_132	mut_at_129_S_to_N	KTSCNPQKTRQSPQT
1395	Q9NT99_lys_at_119	mut_at_120_N_to_S	LEILQLSKSLVRKIE
1396	Q9NT99_lys_at_124	mut_at_120_N_to_S	LSKSLVRKIEVGAFN
1397	P28340_lys_at_367	mut_at_366_A_to_D	CAPILGDKVQSYEKE
1398	P28340_lys_at_373	mut_at_366_A_to_D	DKVQSYEKEEDLLQA
1399	Q969H0_lys_at_472	mut_at_479_R_to_Q	RCMHLHEKRVVSGSQ
1400	Q969H0_lys_at_696	mut_at_689_R_to_Q	QNGTEETKLLVLDFD
1401	Q969H0_lys_at_472	mut_at_465_R_to_H	HCMHLHEKRVVSGSR
1402	Q14980_lys_at_914	mut_at_918_R_to_P	EKMAATSKEVAPLET
1403	Q14980_lys_at_925	mut_at_918_R_to_P	PLETLVRKAGEQQET
1404	P61244_lys_at_57	mut_at_60_R_to_Q	VPSLQGEKASQAQIL
1405	P61244_lys_at_66	mut_at_60_R_to_Q	SQAQILDKATEYIQY
1406	Q07283_lys_at_1724	mut_at_1717_R_to_H	HRQELERKFREEEQL
1407	P62805_lys_at_17	mut_at_24_R_to_H	GLGKGGAKRHRKVLH
1408	P62805_lys_at_21	mut_at_24_R_to_H	GGAKRHRKVLHDNIQ
1409	Q8IXJ9_lys_at_178	mut_at_181_G_to_R	RVVLTPLKVNRAHVE
1410	Q8IXJ9_lys_at_909	mut_at_915_S_to_A	PSNDEVVKQPKPEAR
1411	Q8IXJ9_lys_at_912	mut_at_915_S_to_A	DEVVKQPKPEAREHI
1412	O94761_lys_at_991	mut_at_998_W_to_R	SVEFDMVKLVDSMGR
1413	Q9UER7_lys_at_135	mut_at_134_L_to_P	NELCTVPKAHSAKKK
1414	Q9UER7_lys_at_140	mut_at_134_L_to_P	VPKAHSAKKKLNLAP
1415	Q9UER7_lys_at_141	mut_at_134_L_to_P	PKAHSAKKKLNLAPA
1416	Q9UER7_lys_at_243	mut_at_250_G_to_C	FGRLCELKDCSSLTC
1417	P16885_lys_at_673	mut_at_678_D_to_N	DGAFLIRKREGSNSY
1418	P16885_lys_at_808	mut_at_809_G_to_A	KEPGGWWKADYGTRI
1419	Q9NUQ6_lys_at_124	mut_at_125_P_to_A	STDSANEKAALIPRE
1420	Q9NUQ6_lys_at_132	mut_at_125_P_to_A	AALIPREKKISILEE
1421	P35232_lys_at_128	mut_at_122_I_to_V	SVTTEILKSVVARFD
1422	P04637_lys_at_101	mut_at_95_S_to_F	SFSVPSQKTYQGSYG
1423	P58107_lys_at_1622	mut_at_1621_R_to_W	IDPVENWKLTVEEAF
1424	P68431_lys_at_80	mut_at_84_R_to_S	REIAQDFKTDLSFQS
1425	P68431_lys_at_80	mut_at_86_Q_to_H	REIAQDFKTDLRFHS
1426	A0AVI2_lys_at_1011	mut_at_1016_A_to_T	RRRLAPNKDKGITPI
1427	A0AVI2_lys_at_1013	mut_at_1016_A_to_T	RLAPNKDKGITPIFL
1428	O15123_lys_at_96	mut_at_91_T_to_I	NNIQWLMKLENYIQD
1429	Q14721_lys_at_171	mut_at_169_A_to_T	DNTCCTEKRKKLWDL
1430	Q14721_lys_at_173	mut_at_169_A_to_T	TCCTEKRKKLWDLLE
1431	Q14721_lys_at_174	mut_at_169_A_to_T	CCTEKRKKLWDLLEK
1432	P19544_lys_at_371	mut_at_372_R_to_C	FSRSDQLKCHQRRHT
1433	Q15911_lys_at_434	mut_at_438_A_to_V	PTKSSEGKDSGVAEG
1434	Q15911_lys_at_443	mut_at_438_A_to_V	SGVAEGEKQEVGDGD
1435	Q15911_lys_at_252	mut_at_256_V_to_A	LNSDGSAKSSCASKD
1436	Q15911_lys_at_258	mut_at_256_V_to_A	AKSSCASKDVPNNVD
1437	Q15911_lys_at_320	mut_at_323_S_to_F	ERKILSNKNIFAIIQ
1438	Q15911_lys_at_2669	mut_at_2667_T_to_A	LDSNPARKMLDHIAH
1439	Q15911_lys_at_2621	mut_at_2628_E_to_K	LKRKLEEKASASPGK
1440	Q15911_lys_at_2739	mut_at_2743_Y_to_C	SRHWHEAKRAGCNLT
1441	Q15911_lys_at_3671	mut_at_3675_P_to_S	SDTDLSQKSDGSASP
1442	P35222_lys_at_49	mut_at_45_S_to_C	TAPCLSGKGNPEEED
1443	P15056_lys_at_439	mut_at_446_S_to_L	SEDRNRMKTLGRRDL
1444	P15056_lys_at_601	mut_at_600_V_to_R	DFGLATRKSRWSGSH
1445	P15056_lys_at_601	mut_at_600_V_to_E	DFGLATEKSRWSGSH
1446	P15056_lys_at_591	mut_at_595_F_to_L	LHEDLTVKIGDLGLA
1447	P15056_lys_at_601	mut_at_595_F_to_L	DLGLATVKSRWSGSH
1448	P15056_lys_at_578	mut_at_584_L_to_F	SIIHRDLKSNNIFFH
1449	P15056_lys_at_591	mut_at_584_L_to_F	FHEDLTVKIGDFGLA
1450	P15056_lys_at_601	mut_at_601_K_to_E	DFGLATVESRWSGSH
1451	Q12824_lys_at_70	mut_at_72_T_to_K	IVASSHGKKKKPNTK
1452	Q12824_lys_at_71	mut_at_72_T_to_K	VASSHGKKKKPNTKD
1453	Q12824_lys_at_73	mut_at_72_T_to_K	SSHGKKKKPNTKDHG
1454	Q12824_lys_at_77	mut_at_72_T_to_K	KKKKPNTKDHGYTTL
1455	P05019_lys_at_23	mut_at_30_S_to_L	FCDFLKVKMHTMSSL
1456	P49815_lys_at_1748	mut_at_1751_R_to_C	IARLRHIKRLCQRIC
1457	Q9UNA1_lys_at_586	mut_at_592_K_to_N	AQLHLSRKKSSDSNP
1458	Q9UNA1_lys_at_587	mut_at_592_K_to_N	QLHLSRKKSSDSNPP
1459	Q9UNA1_lys_at_592	mut_at_592_K_to_N	RKKSSDSNPPSCSER
1460	P35222_lys_at_19	mut_at_18_R_to_K	MAMEPDKKAAVSHWQ
1461	P35222_lys_at_49	mut_at_48_G_to_D	TAPSLSDKGNPEEED
1462	P51532_lys_at_970	mut_at_973_R_to_Q	LIIRRLHKVLQPFLL
1463	P51532_lys_at_887	mut_at_885_R_to_C	VDEGHCMKNHHCKLT
1464	P51532_lys_at_892	mut_at_885_R_to_C	CMKNHHCKLTQVLNT
1465	P51532_lys_at_917	mut_at_910_T_to_R	RGTPLQNKLPELWAL
